nombre_ciudad,densidad,ratio_energetico,ratio_cobertura_servicios,contaminacion,contaminacion_acumulada,estabilidad_media,tendencia_estabilidad,tendencia_contaminacion,bienestar,score_viabilidad,ciclos_ejecutados,colapso_detectado,saturacion_detectada,objetivo
Ciudad_0158_colapso_o_critica,0.8422,0.3942,0.7378,0.9035,13.8285,0.3608,-0.3649,0.2937,0.4243,36.43,13,true,true,CRITICO
Ciudad_0836_funcional_estable,0.5456,1.0168,0.8219,0.2832,2.3758,0.658,0.0578,0.0712,0.7604,74.44,7,false,true,FUNCIONAL
Ciudad_0507_saturada_o_inestable,0.6805,0.6556,0.7831,0.6224,3.4843,0.4535,-0.0924,0.0923,0.5164,53.17,5,false,true,INESTABLE
Ciudad_0553_saturada_o_inestable,0.8196,0.5597,0.5561,0.5317,7.5034,0.4374,0.0094,0.0796,0.4233,44.49,13,false,true,INESTABLE
Ciudad_0598_saturada_o_inestable,0.5665,0.6085,0.582,0.5482,3.9915,0.6136,-0.0681,0.0594,0.5896,54.57,7,false,true,INESTABLE
Ciudad_1036_optima,0.2196,1.3077,0.9927,0.1625,1.861,0.8531,0.0989,-0.059,0.8821,90.09,11,false,false,OPTIMO
Ciudad_1138_optima,0.3192,1.3172,1.2,0.2991,3.9466,0.9433,-0.0077,0.0132,0.9618,88.0,13,false,false,OPTIMO
Ciudad_0739_funcional_estable,0.5613,0.9182,0.7416,0.5297,4.924,0.617,-0.015,0.0254,0.5878,65.96,9,false,false,FUNCIONAL
Ciudad_0744_funcional_estable,0.618,1.0096,0.9741,0.2702,2.8077,0.743,-0.0393,0.0444,0.8167,71.13,10,false,false,FUNCIONAL
Ciudad_0929_optima,0.2773,1.1114,1.0714,0.0951,0.5591,0.7917,0.1061,-0.0338,0.9033,88.86,4,false,false,OPTIMO
Ciudad_1151_optima,0.3795,1.085,1.1654,0.2055,1.0565,0.7748,0.0176,-0.0282,0.9574,84.82,5,false,false,OPTIMO
Ciudad_0702_funcional_estable,0.5155,0.884,0.8324,0.369,4.9854,0.658,-0.0485,0.0786,0.6645,71.06,12,false,false,FUNCIONAL
Ciudad_0344_saturada_o_inestable,0.7851,0.5938,0.5613,0.5065,3.4554,0.545,-0.1618,0.1377,0.5344,48.67,6,false,false,INESTABLE
Ciudad_0021_colapso_o_critica,0.9525,0.2661,0.6929,0.7354,5.0999,0.3781,-0.2807,0.1704,0.4315,32.99,6,true,true,CRITICO
Ciudad_0826_funcional_estable,0.4679,0.8525,0.8656,0.4537,4.9269,0.661,0.0233,0.0858,0.7313,70.68,10,false,false,FUNCIONAL
Ciudad_1054_optima,0.2767,1.2528,1.2844,0.0236,0.2914,0.7116,0.1084,-0.0659,0.9436,88.35,11,false,false,OPTIMO
Ciudad_0684_funcional_estable,0.5578,0.8987,0.9094,0.419,5.843,0.7283,-0.0405,0.0176,0.817,72.78,14,false,false,FUNCIONAL
Ciudad_0579_saturada_o_inestable,0.7807,0.6371,0.7057,0.5807,3.5039,0.4364,-0.0253,0.1014,0.499,49.45,6,false,true,INESTABLE
Ciudad_0289_colapso_o_critica,0.8004,0.5186,0.4909,0.7609,11.1932,0.3293,-0.2872,0.2998,0.3533,36.95,12,true,true,CRITICO
Ciudad_1041_optima,0.359,1.1916,0.9864,0.2556,2.8705,0.9082,-0.0051,-0.011,0.9178,86.88,12,false,false,OPTIMO
Ciudad_0583_saturada_o_inestable,0.7676,0.8327,0.6629,0.5153,8.4519,0.6422,-0.1532,0.1611,0.5845,56.63,14,false,true,INESTABLE
Ciudad_0217_colapso_o_critica,0.7277,0.4414,0.4557,0.8348,8.7124,0.4067,-0.1611,0.4448,0.373,36.21,8,true,true,CRITICO
Ciudad_0045_colapso_o_critica,0.789,0.5416,0.3799,0.8939,14.6859,0.1017,-0.1198,0.4281,0.1923,28.98,13,true,true,CRITICO
Ciudad_0474_saturada_o_inestable,0.8526,0.8718,0.8411,0.4609,3.1331,0.5842,-0.0027,0.1993,0.6524,56.94,5,false,true,INESTABLE
Ciudad_0081_colapso_o_critica,0.9545,0.4406,0.2415,1.0,9.4841,0.4187,-0.2276,0.3295,0.2419,25.13,8,true,true,CRITICO
Ciudad_0723_funcional_estable,0.4767,1.0881,0.8147,0.4985,5.3241,0.5522,-0.0059,0.0081,0.6226,70.33,10,false,false,FUNCIONAL
Ciudad_1110_optima,0.3082,1.0191,0.9999,0.2116,1.1371,0.7695,0.0526,-0.0415,0.826,86.05,5,false,false,OPTIMO
Ciudad_0243_colapso_o_critica,0.8661,0.2339,0.4642,0.9309,15.0868,0.3362,-0.3608,0.2372,0.2501,25.57,14,true,true,CRITICO
Ciudad_0253_colapso_o_critica,0.9089,0.2914,0.3938,0.7261,13.6327,0.2755,-0.1226,0.4363,0.3126,26.6,14,true,true,CRITICO
Ciudad_0904_optima,0.2577,1.0317,1.2484,0.1769,0.6285,0.8469,0.0594,-0.0251,0.9916,89.13,5,false,false,OPTIMO
Ciudad_0422_saturada_o_inestable,0.776,0.8386,0.5522,0.6758,7.0315,0.5381,-0.0571,0.1944,0.4803,52.12,9,false,true,INESTABLE
Ciudad_1189_optima,0.4564,1.1997,1.2084,0.2969,2.5261,0.8285,0.0708,-0.069,0.9094,82.99,9,false,false,OPTIMO
Ciudad_0192_colapso_o_critica,0.9545,0.5993,0.3718,0.9531,10.5955,0.4547,-0.3333,0.1946,0.3245,33.13,10,true,true,CRITICO
Ciudad_0200_colapso_o_critica,0.8469,0.2337,0.7525,0.7553,12.5701,0.2219,-0.0927,0.3804,0.366,32.06,13,true,true,CRITICO
Ciudad_0013_colapso_o_critica,0.9318,0.3348,0.243,0.782,5.5567,0.4211,-0.2292,0.3277,0.2989,26.28,6,true,true,CRITICO
Ciudad_0054_colapso_o_critica,0.8241,0.2321,0.408,0.904,13.9766,0.4537,-0.2893,0.1686,0.3685,27.99,14,true,false,CRITICO
Ciudad_0626_funcional_estable,0.4151,0.8522,0.7577,0.4508,4.6933,0.6654,-0.0038,0.024,0.6775,69.7,10,false,false,FUNCIONAL
Ciudad_0648_funcional_estable,0.6475,0.8028,0.7313,0.4649,5.3298,0.6487,0.0077,0.0154,0.6747,62.75,11,false,false,FUNCIONAL
Ciudad_0946_optima,0.1165,1.306,1.132,0.2418,1.8383,0.7678,0.0593,-0.0118,0.8302,89.4,8,false,false,OPTIMO
Ciudad_0622_funcional_estable,0.5265,1.0009,0.8487,0.5097,7.4831,0.73,0.0443,0.0561,0.7119,73.4,14,false,false,FUNCIONAL
Ciudad_0302_saturada_o_inestable,0.7848,0.888,0.7802,0.521,4.9515,0.4606,-0.06,0.0646,0.5504,50.8,9,false,true,INESTABLE
Ciudad_0664_funcional_estable,0.607,1.0486,1.0072,0.3871,2.4281,0.7323,-0.0069,-0.0046,0.8032,68.14,7,false,true,FUNCIONAL
Ciudad_1133_optima,0.174,1.1078,1.1852,0.1763,0.8311,0.9168,0.0183,-0.0656,0.9473,92.21,5,false,false,OPTIMO
Ciudad_0152_colapso_o_critica,0.7523,0.3196,0.3778,0.8915,9.6961,0.3682,-0.1752,0.3227,0.3432,29.49,9,true,true,CRITICO
Ciudad_1026_optima,0.2025,1.182,1.0763,0.0455,0.7973,0.9296,0.0758,-0.0098,0.9722,93.86,14,false,false,OPTIMO
Ciudad_0419_saturada_o_inestable,0.7649,0.8815,0.8015,0.6644,8.5362,0.4506,-0.0538,0.1862,0.5129,56.82,11,false,true,INESTABLE
Ciudad_0539_saturada_o_inestable,0.5847,0.7767,0.6604,0.6291,6.4575,0.6301,-0.1468,0.1566,0.541,52.26,9,false,true,INESTABLE
Ciudad_0670_funcional_estable,0.5961,0.8461,0.993,0.5363,4.7861,0.7579,-0.0496,0.0886,0.7297,71.2,8,false,false,FUNCIONAL
Ciudad_0508_saturada_o_inestable,0.6049,0.8625,0.7579,0.547,4.4468,0.442,-0.1489,0.1639,0.496,58,7,false,true,INESTABLE
Ciudad_0018_colapso_o_critica,0.7432,0.5689,0.2636,0.8938,7.7234,0.2968,-0.3674,0.4319,0.2171,32.16,7,true,false,CRITICO
Ciudad_0300_colapso_o_critica,0.7974,0.2851,0.6292,0.6956,8.8467,0.1765,-0.0824,0.1917,0.3704,31.86,11,true,true,CRITICO
Ciudad_0632_funcional_estable,0.4352,1.0053,0.8418,0.5134,7.6211,0.7645,0.027,0.0733,0.7313,75.72,14,false,false,FUNCIONAL
Ciudad_0462_saturada_o_inestable,0.8827,0.5759,0.8768,0.6746,6.6864,0.4647,-0.048,0.099,0.6051,48.46,9,false,true,INESTABLE
Ciudad_1070_optima,0.3357,1.0754,1.164,0.2476,1.9478,0.8225,-0.0133,-0.0011,0.9125,86.02,8,false,false,OPTIMO
Ciudad_0737_funcional_estable,0.4829,0.7859,0.9834,0.3948,2.2072,0.7303,-0.0501,-0.0079,0.7769,73.34,6,false,false,FUNCIONAL
Ciudad_0779_funcional_estable,0.6146,0.9887,0.9938,0.348,3.3175,0.724,-0.0018,0.0401,0.8017,68.85,9,false,false,FUNCIONAL
Ciudad_0298_colapso_o_critica,0.8522,0.3484,0.7184,0.8888,7.5656,0.3104,-0.2385,0.3786,0.4104,33.91,7,false,true,CRITICO
Ciudad_0667_funcional_estable,0.5626,0.9092,0.9108,0.3187,2.5194,0.7227,0.0564,-0.0096,0.759,74.37,8,false,true,FUNCIONAL
Ciudad_0304_saturada_o_inestable,0.7044,0.6424,0.8183,0.721,4.5501,0.5484,-0.0507,0.0555,0.5392,53.49,6,false,true,INESTABLE
Ciudad_0910_optima,0.3832,1.0251,1.1951,0.0501,0.8054,0.9107,0.1093,-0.0137,1,89.8,14,false,false,OPTIMO
Ciudad_0573_saturada_o_inestable,0.8282,0.8576,0.83,0.4763,2.1791,0.5189,-0.0056,0.1264,0.5841,50.69,4,false,true,INESTABLE
Ciudad_0955_optima,0.3561,1.3489,0.9575,0.079,0.5164,0.8274,0.0911,0.0087,0.9034,87.39,5,false,false,OPTIMO
Ciudad_0359_saturada_o_inestable,0.8307,0.8395,0.6028,0.6588,7.5969,0.4398,-0.0737,0.0511,0.4821,50.34,11,false,true,INESTABLE
Ciudad_0897_funcional_estable,0.4149,0.9856,0.8332,0.3067,3.1774,0.6382,-0.012,-0.0048,0.7071,70.12,10,false,false,FUNCIONAL
Ciudad_0460_saturada_o_inestable,0.7196,0.8742,0.6703,0.7669,10.5785,0.635,-0.1328,0.0839,0.5475,57.07,13,false,false,INESTABLE
Ciudad_0151_colapso_o_critica,0.7544,0.4151,0.265,0.9882,13.8374,0.236,-0.2,0.279,0.2023,25.49,12,true,false,CRITICO
Ciudad_0320_saturada_o_inestable,0.7848,0.6896,0.6047,0.4674,4.6858,0.4211,-0.1742,0.0996,0.4611,50.05,9,false,true,INESTABLE
Ciudad_0329_saturada_o_inestable,0.6161,0.7235,0.7239,0.6591,7.491,0.4501,-0.0713,0.1709,0.4992,54.36,10,false,true,INESTABLE
Ciudad_0238_colapso_o_critica,0.9478,0.2572,0.2611,0.9715,10.0312,0.3435,-0.1379,0.2912,0.2034,19.99,9,true,true,CRITICO
Ciudad_0270_colapso_o_critica,0.7141,0.2154,0.3727,0.9426,14.6274,0.2404,-0.0917,0.1855,0.2098,24.22,14,false,true,CRITICO
Ciudad_0610_funcional_estable,0.6506,0.8884,0.8326,0.3768,4.8529,0.5976,-0.0466,0.0328,0.6699,67.15,12,false,false,FUNCIONAL
Ciudad_0630_funcional_estable,0.5031,0.8022,0.9585,0.3981,3.1507,0.7453,0.0345,0.099,0.7615,73.1,7,false,false,FUNCIONAL
Ciudad_0662_funcional_estable,0.6801,0.8464,0.8845,0.5422,7.6209,0.616,0.0531,0.0344,0.689,64.44,13,false,false,FUNCIONAL
Ciudad_0049_colapso_o_critica,0.8043,0.6168,0.5319,0.9935,8.6447,0.0709,-0.1665,0.1681,0.2324,31.49,8,true,false,CRITICO
Ciudad_0340_saturada_o_inestable,0.8675,0.8979,0.7734,0.7535,6.8239,0.4739,-0.0193,0.2198,0.5592,53.74,8,false,true,INESTABLE
Ciudad_0575_saturada_o_inestable,0.7446,0.9288,0.581,0.6421,6.5841,0.4664,-0.165,0.1496,0.5196,54.65,9,false,true,INESTABLE
Ciudad_0032_colapso_o_critica,0.8741,0.5216,0.6922,0.7447,5.7385,0.4309,-0.3793,0.3199,0.4664,32.33,6,true,true,CRITICO
Ciudad_1197_optima,0.4415,1.0481,0.9605,0.3411,1.5876,0.9123,0.0793,-0.0609,0.8901,83.51,5,false,false,OPTIMO
Ciudad_1083_optima,0.3827,1.1766,0.9632,0.2795,2.0305,0.8927,0.1011,-0.0477,0.9209,85.27,7,false,false,OPTIMO
Ciudad_1072_optima,0.2,1.2028,0.9181,0.2755,1.1446,0.8467,0.0731,-0.025,0.871,87.16,4,false,false,OPTIMO
Ciudad_0718_funcional_estable,0.408,1.0216,0.8482,0.5181,5.9289,0.6515,0.0255,0.052,0.6602,74.06,11,false,false,FUNCIONAL
Ciudad_0063_colapso_o_critica,0.8572,0.3978,0.5643,0.9144,5.6046,0.3764,-0.2307,0.2884,0.33,32.9,5,false,true,CRITICO
Ciudad_0681_funcional_estable,0.6408,0.9292,0.8499,0.3846,2.2017,0.601,0.0443,0.039,0.6602,68.66,5,false,false,FUNCIONAL
Ciudad_0197_colapso_o_critica,0.7217,0.565,0.7021,0.7148,7.0273,0.3653,-0.1106,0.2452,0.4426,34.53,8,true,true,CRITICO
Ciudad_0121_colapso_o_critica,0.7463,0.4982,0.3642,0.973,12.8375,0.0884,-0.1903,0.3815,0.1414,26.99,11,true,true,CRITICO
Ciudad_0597_saturada_o_inestable,0.6647,0.6652,0.6578,0.5264,2.7131,0.377,-0.0556,0.0569,0.4937,51.14,5,false,true,INESTABLE
Ciudad_0921_optima,0.3261,1.0959,1.0506,0.0803,0.9569,0.845,0.0203,-0.0193,0.9421,89.17,10,false,false,OPTIMO
Ciudad_0824_funcional_estable,0.4723,0.9068,0.9999,0.4139,1.4728,0.5701,-0.0154,-0.0112,0.6967,73.41,4,false,false,FUNCIONAL
Ciudad_0560_saturada_o_inestable,0.8152,0.7467,0.6052,0.622,3.7003,0.6257,-0.1729,0.2159,0.4892,52.65,5,false,true,INESTABLE
Ciudad_0660_funcional_estable,0.5503,0.8624,0.8934,0.5434,8.0297,0.6604,0.0453,0.047,0.6688,68.48,14,false,false,FUNCIONAL
Ciudad_0876_funcional_estable,0.539,0.9756,0.809,0.3807,2.403,0.6601,-0.0169,0.0269,0.6779,72.28,6,false,true,FUNCIONAL
Ciudad_0394_saturada_o_inestable,0.7633,0.6466,0.8695,0.5298,6.4503,0.5491,-0.1293,0.1553,0.6677,56.33,11,false,false,INESTABLE
Ciudad_0878_funcional_estable,0.4015,0.9466,0.9617,0.4203,2.9503,0.6612,0.0537,0.0245,0.7596,74.65,7,false,false,FUNCIONAL
Ciudad_0278_colapso_o_critica,0.8327,0.5308,0.5895,0.968,6.36,0.2862,-0.1677,0.2198,0.3356,34.61,6,true,true,CRITICO
Ciudad_0625_funcional_estable,0.588,0.87,0.8376,0.3877,5.1125,0.6819,-0.0309,0.0093,0.7519,69.56,13,false,false,FUNCIONAL
Ciudad_0627_funcional_estable,0.4457,0.8626,0.9867,0.3376,4.368,0.5831,0.0214,0.0878,0.7144,73.98,11,false,false,FUNCIONAL
Ciudad_0805_funcional_estable,0.4087,0.8268,0.8545,0.4609,5.172,0.5827,-0.0488,0.0349,0.6948,69.33,11,false,false,FUNCIONAL
Ciudad_0401_saturada_o_inestable,0.8593,0.6495,0.5487,0.4777,4.9317,0.5942,-0.0107,0.1421,0.5613,49.74,9,false,true,INESTABLE
Ciudad_0742_funcional_estable,0.5461,0.9596,0.8127,0.4939,2.4468,0.5921,0.0502,0.0498,0.578,68.76,4,false,false,FUNCIONAL
Ciudad_0465_saturada_o_inestable,0.7222,0.6824,0.7258,0.6287,7.1441,0.4422,-0.042,0.0594,0.4678,51.54,11,false,true,INESTABLE
Ciudad_1115_optima,0.3241,1.3139,1.0678,0.3052,1.8397,0.8605,0.0217,-0.045,0.904,86.15,6,false,false,OPTIMO
Ciudad_0216_colapso_o_critica,0.9721,0.5719,0.4975,0.773,7.1047,0.2725,-0.2691,0.1702,0.3398,33.66,8,false,true,CRITICO
Ciudad_0530_saturada_o_inestable,0.6804,0.7408,0.5543,0.5574,3.0954,0.5106,0.0078,0.094,0.4534,52.85,5,false,true,INESTABLE
Ciudad_0837_funcional_estable,0.5668,1.0928,0.8728,0.3626,5.5892,0.6287,0.0391,0.0645,0.7033,73.25,14,false,false,FUNCIONAL
Ciudad_0172_colapso_o_critica,0.8791,0.4761,0.6288,0.9288,8.6925,0.3742,-0.1741,0.2785,0.3709,35.45,8,true,true,CRITICO
Ciudad_1088_optima,0.2486,1.1688,1.0595,0.1837,0.6187,0.859,0.0217,-0.0494,0.9372,89.45,4,false,false,OPTIMO
Ciudad_1144_optima,0.2783,1.218,1.1845,0.1595,2.2118,0.9167,0.0412,-0.0623,0.9322,90.38,14,false,false,OPTIMO
Ciudad_0097_colapso_o_critica,0.7765,0.4804,0.3591,0.9583,6.7412,0.3669,-0.2193,0.2965,0.2996,31.63,6,true,false,CRITICO
Ciudad_1104_optima,0.321,1.2973,1.107,0.2232,3.1974,0.9201,0.0736,0.0085,0.9411,88.63,14,false,false,OPTIMO
Ciudad_0403_saturada_o_inestable,0.6582,0.8247,0.727,0.5076,4.0917,0.5308,-0.1492,0.1848,0.5524,55.31,7,false,true,INESTABLE
Ciudad_0242_colapso_o_critica,0.7706,0.5457,0.7208,0.7338,11.4334,0.1949,-0.2262,0.1511,0.3819,23.15,14,false,true,CRITICO
Ciudad_1092_optima,0.1353,1.2317,1.0488,0.0137,0.3701,0.82,0.0417,0.0285,0.9137,93.49,12,false,false,OPTIMO
Ciudad_0548_saturada_o_inestable,0.6687,0.7119,0.8339,0.5941,7.0547,0.5076,-0.005,0.1062,0.5369,57.34,11,false,false,INESTABLE
Ciudad_0520_saturada_o_inestable,0.709,0.6734,0.7974,0.6663,10.4938,0.5017,0.0074,0.1468,0.5603,53.64,14,false,true,INESTABLE
Ciudad_1179_optima,0.1963,1.0886,0.8973,0.1067,0.5338,0.8913,0.0301,-0.066,0.8539,90.25,4,false,false,OPTIMO
Ciudad_0894_funcional_estable,0.448,1.0529,0.8538,0.3249,3.7117,0.5899,0.0363,0.0546,0.708,75.04,10,false,false,FUNCIONAL
Ciudad_1042_optima,0.1973,1.3629,0.9158,0.2704,2.1362,0.8145,0.0474,-0.0162,0.8325,86.61,9,false,false,OPTIMO
Ciudad_0206_colapso_o_critica,0.9618,0.5005,0.3519,0.87,8.4751,0.4449,-0.1507,0.3849,0.4232,31.16,8,true,true,CRITICO
Ciudad_0027_colapso_o_critica,0.8692,0.607,0.4706,0.8061,5.097,0.4015,-0.1115,0.4323,0.3927,22.95,5,true,true,CRITICO
Ciudad_1038_optima,0.1249,1.3848,1.1193,0.1966,2.6355,0.9036,-0.0122,-0.0127,0.9407,92.62,14,false,false,OPTIMO
Ciudad_0829_funcional_estable,0.3586,0.9602,0.8677,0.2794,1.5925,0.6204,0.0527,0.047,0.7193,74.35,5,false,false,FUNCIONAL
Ciudad_0227_colapso_o_critica,0.9215,0.2419,0.6203,0.8172,5.109,0.3422,-0.1465,0.3623,0.3862,29.61,5,false,true,CRITICO
Ciudad_0795_funcional_estable,0.3632,0.7983,0.9844,0.5056,6.0851,0.6884,0.0278,0.0766,0.7477,73.56,11,false,false,FUNCIONAL
Ciudad_0586_saturada_o_inestable,0.7102,0.5328,0.7319,0.6771,9.5138,0.4539,-0.069,0.1925,0.5437,47.68,12,false,false,INESTABLE
Ciudad_0809_funcional_estable,0.6468,0.8926,0.9024,0.4583,4.8966,0.7269,0.0578,-0.0078,0.7511,70.09,11,false,false,FUNCIONAL
Ciudad_0919_optima,0.1759,1.1294,1.1045,0.2951,4.4578,0.9,0.0859,0.0302,0.9259,90.06,14,false,false,OPTIMO
Ciudad_0677_funcional_estable,0.4559,0.8236,0.9983,0.3692,1.6929,0.6476,-0.0053,-0.0169,0.7376,73.85,5,false,false,FUNCIONAL
Ciudad_0369_saturada_o_inestable,0.6761,0.598,0.6275,0.559,8.6511,0.5998,-0.1761,0.2012,0.55,52.59,13,false,true,INESTABLE
Ciudad_0601_funcional_estable,0.414,1.0633,0.8631,0.5339,7.704,0.6883,0.0254,0.0366,0.713,74.74,14,false,false,FUNCIONAL
Ciudad_0453_saturada_o_inestable,0.8727,0.7434,0.7522,0.497,4.2606,0.4281,-0.1658,0.1921,0.5662,52.28,7,false,true,INESTABLE
Ciudad_0791_funcional_estable,0.5397,1.0461,0.9708,0.567,7.3369,0.5821,0.0047,-0.0093,0.6316,71.76,13,false,true,FUNCIONAL
Ciudad_0044_colapso_o_critica,0.9241,0.5985,0.5344,0.8719,11.1965,0.2164,-0.1717,0.4306,0.3053,33.42,10,false,true,CRITICO
Ciudad_1199_optima,0.1526,1.2133,1.21,0.257,3.2882,0.8121,0.1039,-0.0264,0.9514,89.33,12,false,false,OPTIMO
Ciudad_0968_optima,0.1811,1.1985,1.1249,0.0904,0.9223,0.8817,0.0739,0.0,0.9508,92.66,10,false,false,OPTIMO
Ciudad_0360_saturada_o_inestable,0.689,0.8203,0.7227,0.7564,9.8422,0.4716,-0.0869,0.126,0.4637,54.27,12,false,true,INESTABLE
Ciudad_1077_optima,0.1703,1.0782,1.2747,0.1606,2.3434,0.8285,0.0233,0.0224,0.9443,90.76,13,false,false,OPTIMO
Ciudad_0685_funcional_estable,0.4417,0.934,0.7867,0.4223,6.4711,0.684,-0.0356,0.0908,0.6965,72.6,14,false,false,FUNCIONAL
Ciudad_0033_colapso_o_critica,0.8118,0.5484,0.4592,0.9061,4.2502,0.1687,-0.2184,0.3144,0.2386,31.44,4,true,true,CRITICO
Ciudad_0515_saturada_o_inestable,0.782,0.709,0.6483,0.7065,3.754,0.5116,-0.0957,0.0666,0.4657,49.68,5,false,false,INESTABLE
Ciudad_0397_saturada_o_inestable,0.809,0.6579,0.7577,0.5186,3.1703,0.3961,-0.0671,0.0569,0.5252,50.57,6,false,false,INESTABLE
Ciudad_0576_saturada_o_inestable,0.6741,0.5492,0.593,0.6161,5.0465,0.5615,0.0097,0.1078,0.5593,49.1,7,false,true,INESTABLE
Ciudad_0210_colapso_o_critica,0.814,0.5304,0.6903,0.7503,7.5497,0.2724,-0.3303,0.3459,0.3738,34.44,8,false,true,CRITICO
Ciudad_0843_funcional_estable,0.5321,0.8241,0.9197,0.3626,2.2528,0.6848,0.0164,0.0394,0.7363,71.61,6,false,false,FUNCIONAL
Ciudad_1040_optima,0.1243,1.1494,1.1357,0.2031,1.1142,0.8747,0.1082,-0.0596,0.8924,91.96,5,false,false,OPTIMO
Ciudad_0916_optima,0.4485,1.3025,1.0383,0.1701,1.7319,0.759,0.02,0.0142,0.8456,83.66,10,false,false,OPTIMO
Ciudad_0659_funcional_estable,0.6044,0.8352,0.979,0.2804,1.9611,0.7505,0.0455,0.0654,0.8187,74.17,6,false,false,FUNCIONAL
Ciudad_0796_funcional_estable,0.6551,1.0645,0.9808,0.5365,5.4746,0.6454,0.0531,0.0177,0.7218,71.38,10,false,false,FUNCIONAL
Ciudad_1172_optima,0.1849,1.1103,1.1124,0.1071,1.4458,0.9073,0.1022,-0.0207,1,92.84,14,false,false,OPTIMO
Ciudad_0697_funcional_estable,0.4445,0.9721,0.8881,0.2414,2.8882,0.5981,-0.018,0.0327,0.7553,66.79,11,false,true,FUNCIONAL
Ciudad_0165_colapso_o_critica,0.8193,0.2772,0.3365,1.0,7.5554,0.2525,-0.3324,0.1588,0.2529,22.32,7,true,true,CRITICO
Ciudad_0512_saturada_o_inestable,0.8474,0.6631,0.7407,0.6291,8.2001,0.4226,-0.0882,0.1296,0.4556,48.46,12,false,true,INESTABLE
Ciudad_0850_funcional_estable,0.678,0.8479,0.8766,0.4859,3.3657,0.5719,-0.0369,0.0077,0.638,64.32,7,false,false,FUNCIONAL
Ciudad_1098_optima,0.3377,1.1891,1.0504,0.1595,0.6772,0.8139,0.0471,-0.0331,0.8698,87.13,4,false,false,OPTIMO
Ciudad_0729_funcional_estable,0.5565,0.8648,0.8052,0.4801,3.2993,0.5461,0.0232,-0.0193,0.6511,65.32,7,false,false,FUNCIONAL
Ciudad_0295_colapso_o_critica,0.9562,0.2124,0.6483,0.9465,8.6845,0.4219,-0.3766,0.294,0.4145,28.39,8,true,true,CRITICO
Ciudad_0303_saturada_o_inestable,0.6237,0.6638,0.757,0.7382,10.0397,0.5355,-0.0142,0.1321,0.5755,53.9,12,false,true,INESTABLE
Ciudad_1012_optima,0.4188,1.1679,1.1493,0.0723,0.5974,0.9392,0.0673,0.011,1,89.32,7,false,false,OPTIMO
Ciudad_1183_optima,0.2339,1.3972,1.2332,0.1112,1.2086,0.8242,0.0854,0.0388,0.9749,90.14,10,false,false,OPTIMO
Ciudad_0808_funcional_estable,0.5097,0.8856,0.9153,0.3047,3.799,0.6783,-0.01,0.026,0.7244,74.25,12,false,false,FUNCIONAL
Ciudad_0446_saturada_o_inestable,0.637,0.5607,0.7081,0.6973,3.9349,0.4285,-0.0448,0.1658,0.4871,48.55,5,false,false,INESTABLE
Ciudad_1047_optima,0.3179,1.2184,1.2239,0.1251,1.0866,0.8148,0.0497,-0.0221,0.9857,88.06,9,false,false,OPTIMO
Ciudad_1113_optima,0.2899,1.3485,1.1058,0.3007,3.011,0.7623,0.057,-0.0582,0.8387,84.94,10,false,false,OPTIMO
Ciudad_0675_funcional_estable,0.5913,0.9991,0.8444,0.2981,3.905,0.5961,-0.0052,-0.0097,0.6882,72.49,13,false,true,FUNCIONAL
Ciudad_0220_colapso_o_critica,0.9381,0.4387,0.4258,0.8865,4.4328,0.4048,-0.213,0.3153,0.3328,30.52,4,true,true,CRITICO
Ciudad_0038_colapso_o_critica,0.7599,0.2791,0.5682,0.7678,13.2547,0.3274,-0.2393,0.3382,0.3653,33.17,14,true,false,CRITICO
Ciudad_0339_saturada_o_inestable,0.7261,0.6212,0.6443,0.726,9.7154,0.6137,-0.0404,0.1577,0.5461,50.28,12,false,true,INESTABLE
Ciudad_1190_optima,0.1878,1.0615,1.1598,0.0205,0.3163,0.8388,0.013,0.0059,0.9373,92.71,10,false,false,OPTIMO
Ciudad_0873_funcional_estable,0.479,1.0532,0.8961,0.3728,4.6015,0.7114,-0.0097,-0.0059,0.7272,73.17,12,false,false,FUNCIONAL
Ciudad_1060_optima,0.3022,1.3231,1.0337,0.0126,0,0.8638,-0.0073,-0.0606,0.9143,91.04,6,false,false,OPTIMO
Ciudad_0857_funcional_estable,0.4745,1.1044,0.8866,0.4305,3.4751,0.6811,0.0286,0.032,0.6493,75.4,8,false,false,FUNCIONAL
Ciudad_0557_saturada_o_inestable,0.6412,0.5919,0.6849,0.5658,4.685,0.556,-0.0523,0.2074,0.552,53.3,7,false,true,INESTABLE
Ciudad_0265_colapso_o_critica,0.8337,0.5005,0.6696,0.8686,8.5421,0.2883,-0.1713,0.192,0.3564,36.97,9,true,true,CRITICO
Ciudad_0936_optima,0.2197,1.0904,1.0512,0.0275,0.343,0.9061,0.0707,-0.0324,0.9309,93.31,14,false,false,OPTIMO
Ciudad_0743_funcional_estable,0.4734,0.8227,1.015,0.3035,2.9664,0.6654,0.0133,0.0432,0.8256,74.85,9,false,false,FUNCIONAL
Ciudad_0611_funcional_estable,0.4214,0.8272,0.9515,0.3726,4.2162,0.5779,0.0029,0.0246,0.6855,72.25,11,false,false,FUNCIONAL
Ciudad_0652_funcional_estable,0.6365,0.9927,0.9883,0.363,2.243,0.6195,-0.0362,0.0457,0.7536,73.8,6,false,false,FUNCIONAL
Ciudad_0882_funcional_estable,0.4377,1.0137,0.9072,0.3737,3.9903,0.5295,-0.06,0.0094,0.6815,74.37,11,false,true,FUNCIONAL
Ciudad_0178_colapso_o_critica,0.8379,0.5809,0.374,0.8304,9.6153,0.3866,-0.2528,0.217,0.2745,35.52,10,true,true,CRITICO
Ciudad_0368_saturada_o_inestable,0.858,0.8316,0.6524,0.5702,9.3967,0.5114,-0.0569,0.1925,0.4991,53.35,14,false,true,INESTABLE
Ciudad_1091_optima,0.1394,1.2298,1.2806,0.2823,2.1973,0.7695,0.0116,-0.0323,0.9085,88.37,8,false,false,OPTIMO
Ciudad_0413_saturada_o_inestable,0.8416,0.8708,0.8547,0.4675,5.1597,0.6178,-0.0201,0.1528,0.6926,51.88,9,false,true,INESTABLE
Ciudad_0649_funcional_estable,0.3584,0.9671,0.948,0.3151,5.1889,0.6108,-0.0091,0.0724,0.7444,74.02,14,false,false,FUNCIONAL
Ciudad_0466_saturada_o_inestable,0.5794,0.9266,0.5842,0.7998,5.9193,0.506,-0.159,0.0611,0.4698,56.38,7,false,false,INESTABLE
Ciudad_1052_optima,0.261,1.3801,0.9643,0.0814,1.0493,0.8006,0.1074,0.0158,0.8824,88.86,9,false,false,OPTIMO
Ciudad_0254_colapso_o_critica,0.8828,0.3668,0.612,0.7351,8.0234,0.1719,-0.2381,0.1481,0.3861,31.17,10,true,true,CRITICO
Ciudad_0346_saturada_o_inestable,0.7739,0.723,0.6385,0.4719,3.8514,0.5007,-0.1758,0.0609,0.5052,53.3,8,false,true,INESTABLE
Ciudad_1087_optima,0.2651,1.0057,1.2191,0.066,0.8695,0.8802,0.0971,-0.0106,0.9554,91.31,14,false,false,OPTIMO
Ciudad_0440_saturada_o_inestable,0.8508,0.8988,0.7912,0.4947,2.1567,0.4662,-0.0119,0.0812,0.6188,58,4,false,true,INESTABLE
Ciudad_0436_saturada_o_inestable,0.6146,0.8948,0.5903,0.5762,6.5626,0.5479,-0.0851,0.1332,0.5276,56.77,10,false,true,INESTABLE
Ciudad_0455_saturada_o_inestable,0.6687,0.8556,0.842,0.5928,9.1034,0.5098,-0.0639,0.1954,0.5678,52.16,13,false,true,INESTABLE
Ciudad_1086_optima,0.4879,1.3911,1.1863,0.29,2.09,0.8804,0.0324,-0.0122,0.9556,83.5,7,false,false,OPTIMO
Ciudad_1101_optima,0.403,1.0407,0.8824,0.0899,0.6504,0.901,0.028,-0.0653,0.9015,86.26,5,false,false,OPTIMO
Ciudad_0797_funcional_estable,0.5273,0.9453,0.9024,0.263,2.7825,0.7156,-0.0307,0.0562,0.7461,66.84,9,false,false,FUNCIONAL
Ciudad_0306_saturada_o_inestable,0.8128,0.7617,0.6872,0.5722,3.9463,0.4905,-0.1693,0.1952,0.5398,52.76,6,false,true,INESTABLE
Ciudad_0037_colapso_o_critica,0.8929,0.4952,0.5629,0.9848,4.354,0.2186,-0.3757,0.1518,0.2557,30.38,4,false,true,CRITICO
Ciudad_0767_funcional_estable,0.6624,0.9066,0.9483,0.4533,2.1603,0.6601,0.0033,0.0492,0.7187,69.78,5,false,false,FUNCIONAL
Ciudad_0736_funcional_estable,0.6093,0.9418,0.7824,0.5334,4.3565,0.697,-0.0308,0.0085,0.6739,67.95,8,false,true,FUNCIONAL
Ciudad_0051_colapso_o_critica,0.9217,0.3787,0.4361,0.7942,13.8,0.1303,-0.3262,0.3493,0.2515,25.45,14,true,true,CRITICO
Ciudad_1186_optima,0.3891,1.0527,1.2093,0.0678,0.4209,0.7788,-0.003,-0.0517,0.9296,86.78,4,false,false,OPTIMO
Ciudad_0028_colapso_o_critica,0.9318,0.1961,0.2932,0.9371,11.2383,0.2118,-0.2095,0.3378,0.2129,17.31,10,true,true,CRITICO
Ciudad_0639_funcional_estable,0.6519,1.0113,1.0142,0.4113,2.8388,0.6482,-0.0298,-0.01,0.7351,73.76,7,false,false,FUNCIONAL
Ciudad_0259_colapso_o_critica,0.8876,0.4713,0.5217,1.0,6.1924,0.2724,-0.375,0.4223,0.3013,29.91,5,false,true,CRITICO
Ciudad_0933_optima,0.2686,1.1531,0.9818,0.2237,2.64,0.7461,0.0049,-0.0651,0.8191,85.83,12,false,false,OPTIMO
Ciudad_0666_funcional_estable,0.4207,0.7979,0.7873,0.5377,2.0853,0.5675,-0.0362,0.092,0.5778,65.56,4,false,false,FUNCIONAL
Ciudad_1158_optima,0.3143,1.468,1.1198,0.1354,1.2325,0.7411,0.0719,-0.0213,0.8419,86.5,9,false,false,OPTIMO
Ciudad_0061_colapso_o_critica,0.8865,0.3477,0.7362,0.7251,5.9672,0.4244,-0.1854,0.2579,0.4615,24.69,7,false,true,CRITICO
Ciudad_0821_funcional_estable,0.3993,0.8811,0.942,0.3694,3.3641,0.5575,0.0257,-0.0096,0.7239,73.49,9,false,false,FUNCIONAL
Ciudad_0078_colapso_o_critica,0.8226,0.4992,0.6014,0.7522,6.8651,0.0929,-0.2864,0.2208,0.3038,33.63,8,true,true,CRITICO
Ciudad_0787_funcional_estable,0.4418,0.9428,0.988,0.4286,2.9411,0.6713,-0.0431,0.0507,0.7443,74.84,6,false,false,FUNCIONAL
Ciudad_0215_colapso_o_critica,0.8981,0.3368,0.3263,0.659,6.3894,0.1102,-0.2859,0.4259,0.2215,24.3,7,true,true,CRITICO
Ciudad_0214_colapso_o_critica,0.7504,0.5944,0.615,0.834,10.3768,0.3797,-0.2339,0.3216,0.3735,31.09,10,false,true,CRITICO
Ciudad_0881_funcional_estable,0.3965,1.052,0.7988,0.3812,1.4911,0.6642,0.0027,0.0007,0.7323,75.61,4,false,false,FUNCIONAL
Ciudad_0745_funcional_estable,0.6484,0.9171,0.9244,0.3364,3.8222,0.717,-0.049,-0.0155,0.7786,72.74,11,false,false,FUNCIONAL
Ciudad_0846_funcional_estable,0.4556,1.0267,1.0065,0.4617,6.7523,0.5487,0.0162,0.0404,0.6411,74.94,14,false,false,FUNCIONAL
Ciudad_1136_optima,0.1439,1.4562,1.0396,0.2488,2.5084,0.8326,0.0094,-0.0292,0.91,90.04,10,false,false,OPTIMO
Ciudad_0064_colapso_o_critica,0.8733,0.5448,0.3576,0.7381,11.1243,0.156,-0.1188,0.2224,0.2563,30.35,13,true,true,CRITICO
Ciudad_0060_colapso_o_critica,0.7479,0.4864,0.4041,0.9122,11.4632,0.417,-0.3608,0.4409,0.3457,34.94,10,true,true,CRITICO
Ciudad_1051_optima,0.2608,1.3383,1.0852,0.2124,2.3833,0.7942,0.0517,-0.0257,0.8371,87.48,12,false,false,OPTIMO
Ciudad_0057_colapso_o_critica,0.8239,0.2933,0.2927,0.7943,9.781,0.1327,-0.2706,0.3313,0.1554,22.45,10,false,true,CRITICO
Ciudad_0237_colapso_o_critica,0.9103,0.3245,0.6042,0.8413,4.541,0.2976,-0.1813,0.1748,0.3693,30.32,5,true,true,CRITICO
Ciudad_0122_colapso_o_critica,0.7711,0.302,0.4286,0.7487,5.7427,0.3887,-0.3572,0.3592,0.3821,32.24,6,true,true,CRITICO
Ciudad_0055_colapso_o_critica,0.9299,0.2751,0.5053,0.6862,9.97,0.3825,-0.1285,0.4229,0.4002,30.74,11,true,true,CRITICO
Ciudad_0199_colapso_o_critica,0.9729,0.4916,0.5838,0.7695,6.5914,0.3514,-0.0876,0.3095,0.4079,34.99,7,true,true,CRITICO
Ciudad_0442_saturada_o_inestable,0.6878,0.8365,0.8686,0.5682,6.6837,0.4133,-0.097,0.2103,0.5541,54.02,10,false,true,INESTABLE
Ciudad_1044_optima,0.3009,1.0495,1.1229,0.1399,2.0266,0.8845,0.0963,0.0003,0.9876,89.57,13,false,false,OPTIMO
Ciudad_0765_funcional_estable,0.5404,0.9779,0.9971,0.5525,5.9954,0.689,0.0524,-0.0123,0.7402,74.07,11,false,false,FUNCIONAL
Ciudad_0888_funcional_estable,0.516,0.8977,0.922,0.2961,3.6205,0.689,0.0295,0.0925,0.7868,74.9,11,false,false,FUNCIONAL
Ciudad_0333_saturada_o_inestable,0.821,0.6613,0.5868,0.515,4.6846,0.5924,-0.0893,0.1255,0.5947,50.97,8,false,true,INESTABLE
Ciudad_0194_colapso_o_critica,0.8081,0.284,0.5773,0.7659,3.6136,0.4757,-0.1442,0.2769,0.4566,35.51,4,true,true,CRITICO
Ciudad_1123_optima,0.396,1.0011,0.9692,0.2545,1.7639,0.8306,0.1014,-0.0338,0.9141,84.26,7,false,false,OPTIMO
Ciudad_0696_funcional_estable,0.4002,0.8959,0.979,0.3851,3.4816,0.5987,0.0145,0.0848,0.6974,75.17,8,false,true,FUNCIONAL
Ciudad_1057_optima,0.2214,1.0643,1.1059,0.2172,3.1113,0.8073,0.0725,0.0046,0.9112,88.46,14,false,false,OPTIMO
Ciudad_0884_funcional_estable,0.4878,0.8804,0.9207,0.3263,2.0214,0.5762,-0.0068,0.0619,0.7299,72.3,6,false,false,FUNCIONAL
Ciudad_0015_colapso_o_critica,0.9649,0.2746,0.6531,0.8483,9.5768,0.436,-0.1137,0.38,0.4374,31.62,9,true,true,CRITICO
Ciudad_0614_funcional_estable,0.492,1.0054,0.8918,0.2937,1.2302,0.7308,-0.0492,0.052,0.796,68.25,4,false,false,FUNCIONAL
Ciudad_0132_colapso_o_critica,0.9543,0.3081,0.3017,0.9162,14.4241,0.438,-0.2589,0.1973,0.2903,24.67,14,true,true,CRITICO
Ciudad_0852_funcional_estable,0.5194,0.9179,0.9293,0.3117,2.8981,0.773,0.0455,0.0029,0.7837,74.81,9,false,false,FUNCIONAL
Ciudad_0260_colapso_o_critica,0.9209,0.5842,0.6564,0.8288,6.5045,0.1252,-0.1739,0.1985,0.2702,34.39,7,true,true,CRITICO
Ciudad_1109_optima,0.3399,1.4228,0.9589,0.0997,1.229,0.8509,0.0496,-0.0568,0.8783,87.9,10,false,false,OPTIMO
Ciudad_0789_funcional_estable,0.5674,1.048,0.9002,0.5259,6.5631,0.7117,0.0397,0.0506,0.6764,73.0,12,false,false,FUNCIONAL
Ciudad_0591_saturada_o_inestable,0.6152,0.7158,0.7419,0.5275,7.0641,0.5465,-0.0239,0.2119,0.5817,51.65,11,false,false,INESTABLE
Ciudad_0674_funcional_estable,0.4641,1.0644,0.9382,0.5293,4.6574,0.6945,0.0209,0.0061,0.7259,75.43,9,false,true,FUNCIONAL
Ciudad_0273_colapso_o_critica,0.9651,0.4204,0.5042,0.9946,8.5905,0.0636,-0.2338,0.3972,0.1611,22.64,7,true,true,CRITICO
Ciudad_1175_optima,0.3336,1.2077,0.9992,0.0643,0.4306,0.8454,0.0337,0.0172,0.9177,89.25,9,false,false,OPTIMO
Ciudad_0534_saturada_o_inestable,0.7997,0.9036,0.6945,0.5212,6.6448,0.4679,-0.1447,0.0916,0.5179,57.03,12,false,true,INESTABLE
Ciudad_0600_saturada_o_inestable,0.5666,0.832,0.8628,0.6229,4.5582,0.6306,-0.0614,0.0787,0.6012,51.65,7,false,false,INESTABLE
Ciudad_0774_funcional_estable,0.4413,0.8733,1.0079,0.3319,2.8453,0.6428,0.0011,0.0391,0.7651,75.88,8,false,false,FUNCIONAL
Ciudad_0314_saturada_o_inestable,0.6076,0.8711,0.7747,0.536,8.764,0.4341,-0.0075,0.1662,0.5768,52.63,14,false,false,INESTABLE
Ciudad_1112_optima,0.2386,1.0399,1.15,0.2432,2.6579,0.9049,0.0212,-0.0408,0.9253,89.68,11,false,false,OPTIMO
Ciudad_0247_colapso_o_critica,0.9769,0.6113,0.3719,0.9926,9.5751,0.092,-0.3391,0.1669,0.1312,25.13,9,true,true,CRITICO
Ciudad_0960_optima,0.233,1.1268,1.0687,0.2708,3.1089,0.8711,0.0319,-0.0184,0.8745,88.7,11,false,false,OPTIMO
Ciudad_1198_optima,0.277,1.4347,1.2519,0.316,1.2395,0.9096,0.0557,-0.024,0.9252,87.91,4,false,false,OPTIMO
Ciudad_0318_saturada_o_inestable,0.8279,0.8361,0.6102,0.6094,8.9806,0.3871,-0.0241,0.1713,0.4597,50.15,13,false,true,INESTABLE
Ciudad_0827_funcional_estable,0.5934,0.7922,0.8361,0.5116,6.7677,0.5703,-0.0592,-0.0078,0.6495,63.39,13,false,false,FUNCIONAL
Ciudad_1025_optima,0.3253,1.4006,0.9699,0.2075,1.8223,0.7776,0.053,-0.0479,0.8188,85.33,9,false,false,OPTIMO
Ciudad_1037_optima,0.3535,1.2559,1.0466,0.0882,1.0299,0.9525,0.0632,-0.0642,0.995,90.66,11,false,false,OPTIMO
Ciudad_0993_optima,0.322,1.0538,0.9917,0.096,1.2484,0.8178,0.1021,-0.0186,0.8493,88.31,12,false,false,OPTIMO
Ciudad_0179_colapso_o_critica,0.8523,0.3784,0.5252,1.0,8.1647,0.2764,-0.2129,0.3242,0.2736,28.45,7,true,true,CRITICO
Ciudad_1068_optima,0.3918,1.2364,0.9883,0.3435,4.4819,0.7148,0.0568,-0.0386,0.7699,81.07,13,false,false,OPTIMO
Ciudad_1062_optima,0.4523,1.3934,1.2518,0.129,1.3674,0.7792,0.0941,-0.0031,0.9616,84.6,12,false,false,OPTIMO
Ciudad_0621_funcional_estable,0.4905,0.9314,0.8753,0.5447,4.4848,0.7283,0.0036,-0.0108,0.7184,72.38,8,false,false,FUNCIONAL
Ciudad_1002_optima,0.3592,1.2779,1.1833,0.2356,2.9317,0.8687,0.0602,-0.0138,0.9356,86.66,13,false,false,OPTIMO
Ciudad_0408_saturada_o_inestable,0.7896,0.769,0.8563,0.6758,3.6373,0.6318,-0.0823,0.0725,0.5879,57.89,5,false,true,INESTABLE
Ciudad_0190_colapso_o_critica,0.9365,0.2623,0.467,0.9222,11.5672,0.2346,-0.3164,0.2478,0.262,23.03,11,true,true,CRITICO
Ciudad_0086_colapso_o_critica,0.8177,0.5805,0.2905,0.7353,5.4999,0.1619,-0.3661,0.3537,0.2341,31.18,6,false,true,CRITICO
Ciudad_1117_optima,0.2144,1.2179,1.1057,0.3002,1.1817,0.8343,-0.0066,0.0032,0.8856,87.89,4,false,false,OPTIMO
Ciudad_0327_saturada_o_inestable,0.71,0.8181,0.7662,0.63,8.2679,0.4511,-0.1194,0.1186,0.4989,56.15,12,false,true,INESTABLE
Ciudad_1014_optima,0.3226,1.0471,1.0412,0.2849,1.7122,0.7297,0.0092,0.0075,0.8197,83.87,6,false,false,OPTIMO
Ciudad_0046_colapso_o_critica,0.7793,0.3849,0.3574,0.984,5.596,0.2824,-0.1982,0.2135,0.2211,27.07,5,true,false,CRITICO
Ciudad_0730_funcional_estable,0.6285,1.1157,0.9907,0.4982,7.3993,0.7411,0.002,0.0364,0.7301,74.59,14,false,false,FUNCIONAL
Ciudad_1084_optima,0.204,1.4606,0.8859,0.0643,1.097,0.9545,0.0273,0.0349,0.9578,91.76,14,false,false,OPTIMO
Ciudad_0769_funcional_estable,0.4656,1.0595,0.7872,0.2986,3.426,0.7363,-0.0268,0.0018,0.7435,67.32,11,false,false,FUNCIONAL
Ciudad_1016_optima,0.4762,1.1207,1.2718,0.226,2.7589,0.7715,0.0885,-0.0445,0.9735,82.52,12,false,false,OPTIMO
Ciudad_0835_funcional_estable,0.6036,0.8404,1.0016,0.414,3.564,0.6757,0.028,0.0561,0.7545,71.24,8,false,false,FUNCIONAL
Ciudad_0831_funcional_estable,0.5339,1.0646,0.9893,0.4321,3.954,0.6746,-0.0005,0.0381,0.7259,71.79,9,false,false,FUNCIONAL
Ciudad_0522_saturada_o_inestable,0.6955,0.6546,0.8039,0.6407,2.6881,0.476,-0.0192,0.0635,0.5086,53.44,4,false,false,INESTABLE
Ciudad_0141_colapso_o_critica,0.9571,0.5433,0.2353,0.9217,15.018,0.1298,-0.3529,0.2718,0.1728,22.92,14,false,true,CRITICO
Ciudad_0337_saturada_o_inestable,0.7709,0.7771,0.6471,0.5678,8.37,0.4978,-0.0299,0.0513,0.5284,53.39,14,false,true,INESTABLE
Ciudad_1093_optima,0.4202,1.3253,1.225,0.0809,0.4915,0.9407,0.1047,0.0299,0.9679,89.2,6,false,false,OPTIMO
Ciudad_1097_optima,0.1827,1.3378,0.9354,0.0637,0.2266,0.8912,0.0418,-0.0462,0.8914,91.92,4,false,false,OPTIMO
Ciudad_0488_saturada_o_inestable,0.6504,0.7217,0.7213,0.7224,5.0378,0.4919,-0.0098,0.1793,0.5246,53.46,6,false,false,INESTABLE
Ciudad_0104_colapso_o_critica,0.7616,0.3169,0.3601,0.6867,10.6981,0.4347,-0.2014,0.2746,0.3277,33.28,13,false,true,CRITICO
Ciudad_0605_funcional_estable,0.4985,0.9078,0.839,0.5198,4.8494,0.6382,0.0503,0.0587,0.6685,69.47,9,false,false,FUNCIONAL
Ciudad_1125_optima,0.1602,1.3684,0.9674,0.2432,2.1994,0.8277,-0.0171,-0.0324,0.8387,89.05,9,false,false,OPTIMO
Ciudad_0720_funcional_estable,0.6213,0.911,0.7835,0.4147,4.9097,0.63,-0.0499,0.0683,0.6894,67.4,11,false,true,FUNCIONAL
Ciudad_1147_optima,0.3638,1.0259,0.8977,0.0743,0.9185,0.9094,-0.0005,-0.0503,0.9347,87.75,11,false,false,OPTIMO
Ciudad_1120_optima,0.1629,1.2415,1.1581,0.0602,0.2227,0.8447,0.0241,0.0256,0.9823,92.73,4,false,false,OPTIMO
Ciudad_0193_colapso_o_critica,0.7699,0.3502,0.475,0.7254,7.281,0.1988,-0.2511,0.1903,0.2911,30.95,9,true,false,CRITICO
Ciudad_0377_saturada_o_inestable,0.8091,0.7893,0.8534,0.4416,3.2461,0.4005,-0.1215,0.1558,0.5912,57.0,6,false,true,INESTABLE
Ciudad_0654_funcional_estable,0.5665,0.8416,1.0214,0.4493,5.4329,0.6769,0.0343,0.0419,0.7745,71.51,12,false,false,FUNCIONAL
Ciudad_0058_colapso_o_critica,0.751,0.2388,0.6836,0.9255,5.5583,0.1781,-0.2564,0.2773,0.3029,29.3,5,true,true,CRITICO
Ciudad_1099_optima,0.4082,1.2218,1.1956,0.2185,2.5925,0.8455,0.1123,-0.0459,0.927,85.47,12,false,false,OPTIMO
Ciudad_1034_optima,0.3427,1.0914,0.9266,0.052,0.5112,0.8567,0.0148,-0.025,0.8545,88.03,10,false,false,OPTIMO
Ciudad_1107_optima,0.4401,1.2553,1.1012,0.1624,1.5179,0.7584,0.0462,0.0302,0.8927,83.93,8,false,false,OPTIMO
Ciudad_0896_funcional_estable,0.5928,0.8322,0.8402,0.4543,5.8944,0.655,-0.0234,0.0889,0.6726,67.04,12,false,false,FUNCIONAL
Ciudad_0324_saturada_o_inestable,0.8219,0.8634,0.7154,0.4612,6.3926,0.5243,0.0094,0.2023,0.5786,54.01,11,false,true,INESTABLE
Ciudad_0332_saturada_o_inestable,0.6389,0.7065,0.712,0.5684,5.3962,0.5952,-0.0588,0.1789,0.622,57.5,8,false,true,INESTABLE
Ciudad_0421_saturada_o_inestable,0.6666,0.8864,0.7172,0.5889,7.2138,0.5721,-0.052,0.212,0.5924,53.64,10,false,false,INESTABLE
Ciudad_0899_funcional_estable,0.4346,0.9827,0.925,0.4461,2.8605,0.6974,-0.0406,0.0763,0.7381,66.71,6,false,false,FUNCIONAL
Ciudad_0176_colapso_o_critica,0.7431,0.6127,0.683,0.7384,4.0279,0.3482,-0.1358,0.4282,0.4048,31.05,4,false,true,CRITICO
Ciudad_0458_saturada_o_inestable,0.6384,0.6972,0.7616,0.5748,5.4686,0.393,-0.0872,0.0827,0.5331,54.13,9,false,true,INESTABLE
Ciudad_1050_optima,0.4592,1.147,1.2023,0.2694,1.4555,0.7968,0.1017,0.0398,0.8942,82.71,5,false,false,OPTIMO
Ciudad_0941_optima,0.3925,1.3461,1.2276,0.2155,1.4774,0.8596,0.0129,0.0354,0.9794,86.11,6,false,false,OPTIMO
Ciudad_0148_colapso_o_critica,0.8355,0.5349,0.3467,0.691,10.2007,0.4736,-0.2897,0.2842,0.4003,37.7,12,true,false,CRITICO
Ciudad_1078_optima,0.4507,1.156,1.2584,0.186,1.316,0.8759,0.1175,-0.0297,0.9647,85.71,7,false,false,OPTIMO
Ciudad_1178_optima,0.2559,1.0691,1.095,0.3242,4.5552,0.97,0.0518,-0.0194,0.9146,89.42,14,false,false,OPTIMO
Ciudad_0414_saturada_o_inestable,0.7708,0.5635,0.7427,0.4986,4.7125,0.4537,-0.1161,0.1481,0.5436,50.12,8,false,true,INESTABLE
Ciudad_0264_colapso_o_critica,0.9608,0.4151,0.4914,0.6957,3.1657,0.3296,-0.2361,0.2461,0.3576,32.15,4,true,true,CRITICO
Ciudad_0074_colapso_o_critica,0.7585,0.4958,0.6241,0.9768,7.3653,0.3742,-0.3781,0.4126,0.3371,37.54,6,true,false,CRITICO
Ciudad_0481_saturada_o_inestable,0.6019,0.8542,0.7788,0.657,6.9078,0.5966,-0.0017,0.2007,0.5758,52.74,9,false,true,INESTABLE
Ciudad_0209_colapso_o_critica,0.7978,0.3611,0.6054,0.8964,9.1889,0.2448,-0.2665,0.2185,0.3489,31.63,9,false,true,CRITICO
Ciudad_1108_optima,0.3032,1.0263,1.2351,0.29,3.7345,0.947,0.0667,-0.0603,0.9465,88.53,13,false,false,OPTIMO
Ciudad_1020_optima,0.2894,1.0581,1.0615,0.1665,2.108,0.8963,0.0854,0.0281,0.9052,89.64,11,false,false,OPTIMO
Ciudad_1035_optima,0.3823,1.0357,0.9302,0.1531,1.5091,0.9267,0.1158,0.0332,0.9132,87.2,10,false,false,OPTIMO
Ciudad_0551_saturada_o_inestable,0.6678,0.8679,0.5495,0.7094,6.5701,0.5775,-0.1497,0.2101,0.513,55.24,8,false,true,INESTABLE
Ciudad_0545_saturada_o_inestable,0.8194,0.6484,0.779,0.688,3.2015,0.5426,-0.1223,0.1979,0.5644,50.94,4,false,true,INESTABLE
Ciudad_0124_colapso_o_critica,0.9647,0.3575,0.3505,0.7351,3.4464,0.2907,-0.3443,0.1863,0.3069,26.44,4,false,true,CRITICO
Ciudad_0735_funcional_estable,0.4067,0.9537,0.8709,0.4801,3.5366,0.5729,-0.0106,0.0411,0.6488,72.38,7,false,false,FUNCIONAL
Ciudad_0905_optima,0.4532,1.1316,1.0245,0.2058,1.1091,0.7709,0.0401,0.0079,0.8348,83.27,5,false,false,OPTIMO
Ciudad_1139_optima,0.1668,1.1661,0.912,0.1881,2.4129,0.7717,0.0157,-0.0538,0.8519,87.52,13,false,false,OPTIMO
Ciudad_0678_funcional_estable,0.3989,1.0448,0.8834,0.4803,3.0812,0.6488,0.0453,0.0182,0.6882,75.46,6,false,false,FUNCIONAL
Ciudad_0770_funcional_estable,0.5759,0.9916,0.8202,0.449,2.4706,0.6259,-0.0541,-0.0169,0.6514,70.46,5,false,false,FUNCIONAL
Ciudad_0088_colapso_o_critica,0.8105,0.2106,0.3563,0.8795,13.2267,0.0932,-0.2632,0.4006,0.1485,19.86,12,true,true,CRITICO
Ciudad_0940_optima,0.1926,1.2078,0.9924,0.0595,0.7617,0.796,0.0623,-0.0234,0.8851,91.02,12,false,false,OPTIMO
Ciudad_0759_funcional_estable,0.578,0.9165,0.9498,0.5026,2.7048,0.6178,-0.0544,0.0057,0.68,70.16,5,false,true,FUNCIONAL
Ciudad_0364_saturada_o_inestable,0.7973,0.7465,0.7592,0.5051,6.5334,0.5384,-0.1591,0.0848,0.5713,56.09,12,false,true,INESTABLE
Ciudad_0336_saturada_o_inestable,0.5997,0.8348,0.8232,0.6931,9.6405,0.5484,-0.1496,0.0886,0.5749,48.57,13,false,false,INESTABLE
Ciudad_0915_optima,0.1789,1.0229,1.0783,0.3154,4.1835,0.9804,0.0921,0.0321,0.9203,91.3,13,false,false,OPTIMO
Ciudad_0144_colapso_o_critica,0.7269,0.3929,0.3125,0.7892,14.1897,0.2025,-0.2053,0.3983,0.2266,28.75,14,false,true,CRITICO
Ciudad_0233_colapso_o_critica,0.8937,0.3401,0.689,0.9915,8.0872,0.1515,-0.1473,0.3264,0.2692,27.57,7,true,true,CRITICO
Ciudad_0486_saturada_o_inestable,0.6821,0.6428,0.845,0.5746,8.035,0.3793,-0.074,0.0779,0.5764,53.3,13,false,true,INESTABLE
Ciudad_0552_saturada_o_inestable,0.5969,0.7586,0.5883,0.4964,8.1095,0.4008,-0.0492,0.1618,0.5004,54.36,14,false,false,INESTABLE
Ciudad_0126_colapso_o_critica,0.9867,0.198,0.6886,0.756,4.9362,0.177,-0.3288,0.3616,0.3313,26.19,5,true,true,CRITICO
Ciudad_0842_funcional_estable,0.6192,1.0533,0.8065,0.4191,4.7775,0.5856,-0.0341,0.0886,0.6126,69.17,10,false,false,FUNCIONAL
Ciudad_0111_colapso_o_critica,0.8102,0.3311,0.6473,0.9868,7.1272,0.1276,-0.121,0.3479,0.2157,27.77,6,true,true,CRITICO
Ciudad_0497_saturada_o_inestable,0.8784,0.713,0.6049,0.5038,8.4518,0.569,-0.1045,0.1864,0.5682,51.18,14,false,true,INESTABLE
Ciudad_0544_saturada_o_inestable,0.747,0.7452,0.5795,0.5603,3.6853,0.4712,-0.0297,0.1124,0.4847,51.3,6,false,true,INESTABLE
Ciudad_0383_saturada_o_inestable,0.7839,0.753,0.7505,0.7613,5.2124,0.3905,-0.0967,0.1831,0.4551,49.55,6,false,false,INESTABLE
Ciudad_1096_optima,0.1822,1.3398,1.0237,0.2316,1.5864,0.7759,0.0983,-0.0415,0.858,88.4,7,false,false,OPTIMO
Ciudad_0319_saturada_o_inestable,0.5628,0.6955,0.7947,0.4465,3.5424,0.4255,-0.0286,0.0659,0.5651,53.95,7,false,false,INESTABLE
Ciudad_1116_optima,0.3629,1.169,1.023,0.0423,0.4257,0.8114,-0.0157,-0.0093,0.9288,88.34,9,false,false,OPTIMO
Ciudad_1177_optima,0.1765,1.4118,1.0047,0.3147,3.942,0.9035,0.0258,0.0057,0.8835,89.82,12,false,false,OPTIMO
Ciudad_0123_colapso_o_critica,0.9033,0.3207,0.369,0.7745,3.8648,0.2499,-0.2358,0.3085,0.3186,25.71,4,true,true,CRITICO
Ciudad_0483_saturada_o_inestable,0.7537,0.5805,0.6447,0.6174,3.3058,0.6161,-0.1734,0.0906,0.5822,50.39,5,false,false,INESTABLE
Ciudad_0815_funcional_estable,0.6006,1.0458,0.8578,0.4665,4.4576,0.6105,0.0226,0.0643,0.6558,70.36,9,false,false,FUNCIONAL
Ciudad_0256_colapso_o_critica,0.767,0.6318,0.7571,0.869,12.1784,0.1753,-0.2271,0.4482,0.3151,32.68,11,false,true,CRITICO
Ciudad_0592_saturada_o_inestable,0.6267,0.7334,0.7734,0.534,7.7916,0.4413,-0.077,0.1033,0.5684,57.08,13,false,true,INESTABLE
Ciudad_1124_optima,0.3306,1.3634,0.9653,0.1961,0.9794,0.8265,0.0494,-0.0698,0.8489,86.28,5,false,false,OPTIMO
Ciudad_1029_optima,0.2614,1.3417,0.9027,0.1541,1.0777,0.8289,0.0275,-0.0268,0.8858,87.09,7,false,false,OPTIMO
Ciudad_0101_colapso_o_critica,0.8707,0.4445,0.6794,0.899,8.9935,0.348,-0.1543,0.1893,0.3668,35.76,9,true,true,CRITICO
Ciudad_0257_colapso_o_critica,0.8139,0.5764,0.5938,0.8727,12.426,0.1708,-0.3754,0.3045,0.3161,35.33,12,false,false,CRITICO
Ciudad_0953_optima,0.4333,1.365,1.1995,0.2896,1.2461,0.8791,0.0796,-0.019,0.925,84.57,5,false,false,OPTIMO
Ciudad_0149_colapso_o_critica,0.7875,0.2748,0.742,0.6983,12.5995,0.2548,-0.3534,0.3816,0.4109,35.58,14,true,false,CRITICO
Ciudad_0989_optima,0.3254,1.0528,0.9859,0.1184,1.2731,0.9243,0.0249,-0.035,0.945,89.92,11,false,false,OPTIMO
Ciudad_0959_optima,0.4634,1.2881,1.207,0.256,3.4723,0.8385,0.0331,-0.0462,0.9219,83.66,13,false,false,OPTIMO
Ciudad_1173_optima,0.408,1.1723,1.1188,0.1785,1.9957,0.9611,0.0733,-0.0424,0.973,88.38,11,false,false,OPTIMO
Ciudad_0107_colapso_o_critica,0.8157,0.4653,0.399,0.6883,11.8851,0.2774,-0.2258,0.2913,0.3117,33.52,14,false,true,CRITICO
Ciudad_0072_colapso_o_critica,0.824,0.2694,0.7313,0.9358,10.975,0.382,-0.3777,0.2962,0.4155,33.49,10,true,true,CRITICO
Ciudad_0146_colapso_o_critica,0.8829,0.512,0.414,0.8743,12.4352,0.2834,-0.0842,0.1587,0.2579,30.98,13,true,true,CRITICO
Ciudad_0890_funcional_estable,0.6454,0.9508,0.9111,0.3226,2.406,0.543,-0.0036,0.0005,0.6466,70.1,8,false,false,FUNCIONAL
Ciudad_0322_saturada_o_inestable,0.7726,0.7998,0.6367,0.7442,4.0191,0.4286,-0.0315,0.0958,0.4428,49.69,5,false,true,INESTABLE
Ciudad_0542_saturada_o_inestable,0.7806,0.6789,0.6249,0.4915,6.5557,0.5676,-0.0683,0.1925,0.5675,52.84,11,false,true,INESTABLE
Ciudad_0245_colapso_o_critica,0.9254,0.5889,0.5819,0.803,13.8047,0.0717,-0.156,0.3422,0.2422,32.24,14,false,true,CRITICO
Ciudad_0655_funcional_estable,0.6125,0.9235,0.9925,0.5101,4.6489,0.6103,-0.057,0.0145,0.6784,70.24,9,false,false,FUNCIONAL
Ciudad_0642_funcional_estable,0.4332,1.0722,0.8353,0.4183,5.9211,0.7316,-0.0522,0.0337,0.7282,72.22,14,false,false,FUNCIONAL
Ciudad_0362_saturada_o_inestable,0.812,0.7955,0.5353,0.7234,10.9173,0.6231,-0.0263,0.1045,0.5122,50.97,14,false,true,INESTABLE
Ciudad_0235_colapso_o_critica,0.9289,0.2965,0.5971,0.7628,12.1298,0.2767,-0.1862,0.3238,0.3385,29.87,13,false,true,CRITICO
Ciudad_0479_saturada_o_inestable,0.7939,0.8989,0.7103,0.6036,4.5201,0.4909,-0.0282,0.0742,0.5361,56.56,7,false,true,INESTABLE
Ciudad_0901_optima,0.2808,1.1843,0.928,0.2209,1.9606,0.8685,0.0749,-0.0324,0.8833,87.0,8,false,false,OPTIMO
Ciudad_0810_funcional_estable,0.4626,0.8587,0.8455,0.411,2.7705,0.7451,-0.0044,0.0028,0.7167,72.86,6,false,false,FUNCIONAL
Ciudad_0673_funcional_estable,0.6582,0.804,0.7843,0.4987,6.6011,0.6298,0.0509,0.068,0.7021,62.74,12,false,false,FUNCIONAL
Ciudad_0772_funcional_estable,0.5411,1.0509,0.9832,0.3592,3.0461,0.6169,-0.0476,0.012,0.702,75.79,8,false,false,FUNCIONAL
Ciudad_1185_optima,0.2357,1.0948,1.1675,0.0961,0.8037,0.8047,0.1121,0.0073,0.9219,89.94,10,false,false,OPTIMO
Ciudad_0083_colapso_o_critica,0.99,0.1795,0.57,0.8981,13.461,0.2642,-0.1083,0.2411,0.3029,22.9,13,true,true,CRITICO
Ciudad_0415_saturada_o_inestable,0.8122,0.8314,0.5607,0.7509,4.1183,0.4482,-0.0111,0.1551,0.4081,48.46,5,false,true,INESTABLE
Ciudad_1031_optima,0.446,1.1017,1.0603,0.0286,0.4167,0.7493,0.0246,-0.0259,0.9201,85.64,4,false,false,OPTIMO
Ciudad_1129_optima,0.2889,1.2611,1.1557,0.2756,2.5689,0.8057,0.0547,-0.028,0.897,86.2,9,false,false,OPTIMO
Ciudad_0734_funcional_estable,0.5213,0.8384,0.8007,0.4101,3.1678,0.5983,-0.0373,-0.0065,0.6289,67.36,8,false,false,FUNCIONAL
Ciudad_0822_funcional_estable,0.4076,0.9919,0.9478,0.5386,3.7339,0.6181,-0.057,0.0145,0.6315,74.88,7,false,false,FUNCIONAL
Ciudad_0502_saturada_o_inestable,0.8617,0.6897,0.8748,0.7634,11.111,0.4836,-0.04,0.0509,0.5444,50.72,14,false,true,INESTABLE
Ciudad_0241_colapso_o_critica,0.935,0.1761,0.6762,0.9741,9.5246,0.3794,-0.1503,0.4037,0.3434,27.2,8,true,true,CRITICO
Ciudad_0567_saturada_o_inestable,0.7593,0.742,0.892,0.7458,9.3774,0.437,-0.0599,0.0792,0.5582,53.76,12,false,true,INESTABLE
Ciudad_0849_funcional_estable,0.5734,0.8744,0.8847,0.2838,1.393,0.689,-0.0016,0.0176,0.7078,72.61,5,false,true,FUNCIONAL
Ciudad_0887_funcional_estable,0.5356,1.0377,0.8981,0.5198,6.8695,0.7529,0.0373,0.0092,0.7162,74.51,13,false,false,FUNCIONAL
Ciudad_0427_saturada_o_inestable,0.8522,0.6113,0.731,0.4792,2.8994,0.5319,-0.0785,0.0634,0.5456,51.31,6,false,true,INESTABLE
Ciudad_1028_optima,0.183,1.4541,1.2139,0.2258,2.3795,0.907,-0.0044,0.0076,0.974,91.09,11,false,false,OPTIMO
Ciudad_0478_saturada_o_inestable,0.7197,0.8645,0.7885,0.4939,3.1987,0.385,-0.1294,0.0545,0.5302,53.52,6,false,false,INESTABLE
Ciudad_0500_saturada_o_inestable,0.8566,0.7103,0.759,0.7722,3.4543,0.5979,-0.105,0.132,0.5575,51.18,4,false,true,INESTABLE
Ciudad_0393_saturada_o_inestable,0.655,0.6069,0.6183,0.472,3.161,0.4491,-0.0401,0.0967,0.4757,51.34,6,false,false,INESTABLE
Ciudad_0811_funcional_estable,0.6092,0.9845,0.8024,0.453,6.2211,0.5867,-0.0041,0.0346,0.6277,68.42,13,false,false,FUNCIONAL
Ciudad_1073_optima,0.1629,1.0585,1.1307,0.0643,0.5608,0.9271,0.0255,-0.03,0.9355,94.32,10,false,false,OPTIMO
Ciudad_0895_funcional_estable,0.5729,0.7496,0.7564,0.3732,1.669,0.7434,-0.0489,0.025,0.6838,66.68,4,false,false,FUNCIONAL
Ciudad_0223_colapso_o_critica,0.8586,0.4637,0.4131,0.7534,4.7329,0.164,-0.2583,0.3477,0.2122,29.66,5,true,true,CRITICO
Ciudad_0788_funcional_estable,0.5701,0.8742,0.8059,0.3212,5.0908,0.6192,-0.0355,0.0666,0.6737,69.14,14,false,false,FUNCIONAL
Ciudad_0668_funcional_estable,0.5589,0.8754,0.9821,0.3163,2.9916,0.663,0.033,0.0695,0.7453,73.87,9,false,false,FUNCIONAL
Ciudad_0949_optima,0.4244,1.1102,0.9986,0.212,3.0711,0.9261,0.0211,0.016,0.9371,86.83,14,false,false,OPTIMO
Ciudad_0106_colapso_o_critica,0.7873,0.4961,0.5146,0.864,11.9292,0.393,-0.2318,0.2083,0.3727,36.85,12,false,true,CRITICO
Ciudad_0861_funcional_estable,0.4878,1.0201,1.0084,0.5224,5.8977,0.6514,-0.0317,0.0125,0.7144,75.43,11,false,true,FUNCIONAL
Ciudad_0961_optima,0.4807,1.3117,1.0192,0.3395,2.4207,0.8178,0.0438,-0.0305,0.8382,81.65,7,false,false,OPTIMO
Ciudad_0638_funcional_estable,0.3549,0.9,0.759,0.4689,3.5376,0.7238,0.0557,0.0649,0.6924,73.02,7,false,false,FUNCIONAL
Ciudad_0492_saturada_o_inestable,0.7276,0.6796,0.6702,0.7586,7.985,0.4537,-0.0409,0.0774,0.4879,48.54,10,false,false,INESTABLE
Ciudad_0261_colapso_o_critica,0.8978,0.465,0.733,0.9474,6.6601,0.442,-0.1134,0.3663,0.4427,37.96,6,true,true,CRITICO
Ciudad_0820_funcional_estable,0.6215,0.8929,0.7438,0.577,8.177,0.7522,-0.0023,0.0888,0.6516,66.16,13,false,false,FUNCIONAL
Ciudad_1003_optima,0.2063,1.1354,1.1698,0.2468,3.6006,0.9667,0.0363,0.022,0.9627,91.51,14,false,false,OPTIMO
Ciudad_0352_saturada_o_inestable,0.8111,0.5574,0.6788,0.6699,6.2715,0.5407,0.0022,0.0825,0.5195,47.05,9,false,true,INESTABLE
Ciudad_0712_funcional_estable,0.4467,0.8161,0.8997,0.3307,2.4732,0.7079,0.0037,0.068,0.6924,73.66,7,false,false,FUNCIONAL
Ciudad_0279_colapso_o_critica,0.9458,0.2365,0.2792,0.7407,11.8073,0.1262,-0.283,0.1987,0.203,18.99,14,true,true,CRITICO
Ciudad_0218_colapso_o_critica,0.8816,0.3286,0.4533,0.7271,10.0654,0.0909,-0.0982,0.371,0.2741,25.56,11,true,true,CRITICO
Ciudad_0631_funcional_estable,0.484,0.9275,0.8337,0.554,6.6224,0.663,-0.0142,0.0829,0.6671,70.13,11,false,false,FUNCIONAL
Ciudad_0587_saturada_o_inestable,0.7156,0.7036,0.7154,0.7051,8.2515,0.3931,-0.1491,0.0752,0.4996,49.87,11,false,false,INESTABLE
Ciudad_1122_optima,0.3479,1.4526,0.9147,0.0516,0.3833,0.9053,0.0574,0.0106,0.9077,88.67,5,false,false,OPTIMO
Ciudad_1102_optima,0.3043,1.2345,0.9844,0.1802,1.2924,0.7833,0.0089,0.0105,0.8774,86.56,7,false,false,OPTIMO
Ciudad_0947_optima,0.3469,1.2849,0.9617,0.0859,0.5541,0.7834,0.0856,-0.0326,0.8681,86.68,7,false,false,OPTIMO
Ciudad_0900_funcional_estable,0.5622,1.0431,0.9113,0.3838,5.5362,0.7393,-0.053,0.044,0.7247,69.34,14,false,true,FUNCIONAL
Ciudad_0635_funcional_estable,0.4923,0.9478,0.8854,0.4609,6.2853,0.6826,0.0248,0.0883,0.7342,73.29,12,false,false,FUNCIONAL
Ciudad_0006_colapso_o_critica,0.736,0.4477,0.5006,0.8843,11.0014,0.1564,-0.1108,0.3867,0.2809,31.35,10,true,true,CRITICO
Ciudad_0348_saturada_o_inestable,0.6687,0.6275,0.7048,0.6398,6.6296,0.4904,-0.1042,0.1093,0.4864,51.62,9,false,true,INESTABLE
Ciudad_0532_saturada_o_inestable,0.7836,0.711,0.7813,0.6049,2.4384,0.4856,-0.0054,0.0514,0.5707,53.37,4,false,true,INESTABLE
Ciudad_0423_saturada_o_inestable,0.821,0.6865,0.7814,0.4556,5.6274,0.4838,0.0055,0.2121,0.5807,54.21,10,false,true,INESTABLE
Ciudad_1167_optima,0.3206,1.1538,1.0233,0.1497,1.7714,0.885,0.0424,-0.0301,0.8787,89.04,11,false,false,OPTIMO
Ciudad_0405_saturada_o_inestable,0.7947,0.754,0.5784,0.6634,7.4033,0.6346,-0.0509,0.1429,0.5019,52.26,10,false,true,INESTABLE
Ciudad_0001_colapso_o_critica,0.8023,0.5424,0.3788,0.9369,4.5236,0.4411,-0.2663,0.3143,0.3039,34.86,4,true,true,CRITICO
Ciudad_1082_optima,0.3135,1.1031,1.1023,0.1971,2.5316,0.8281,0.0835,-0.032,0.8834,87.34,13,false,false,OPTIMO
Ciudad_0048_colapso_o_critica,0.7763,0.4635,0.5748,0.8316,4.8001,0.3317,-0.1022,0.2656,0.3686,36.72,5,true,true,CRITICO
Ciudad_0918_optima,0.4582,1.4765,1.0282,0.0367,0.3398,0.7945,0.1143,0.0255,0.9356,86.18,4,false,false,OPTIMO
Ciudad_0231_colapso_o_critica,0.7561,0.3681,0.3876,0.9286,6.8909,0.2687,-0.3557,0.4155,0.2355,28.27,6,true,true,CRITICO
Ciudad_0519_saturada_o_inestable,0.8217,0.9408,0.6091,0.6445,6.6967,0.613,-0.0282,0.0547,0.5768,56.86,10,false,true,INESTABLE
Ciudad_0180_colapso_o_critica,0.7379,0.613,0.2174,0.8197,7.7911,0.312,-0.2064,0.3051,0.2502,33.86,8,true,true,CRITICO
Ciudad_0496_saturada_o_inestable,0.6241,0.73,0.7068,0.5952,6.7865,0.4931,-0.1215,0.1288,0.5574,55.84,10,false,false,INESTABLE
Ciudad_0435_saturada_o_inestable,0.6381,0.8096,0.8239,0.7398,11.4839,0.5041,-0.0755,0.1297,0.5516,57.94,14,false,false,INESTABLE
Ciudad_0157_colapso_o_critica,0.7636,0.5478,0.5964,0.9326,8.143,0.074,-0.2644,0.3436,0.2346,32.84,7,true,true,CRITICO
Ciudad_0328_saturada_o_inestable,0.8099,0.7196,0.6198,0.6807,4.5836,0.5853,-0.0639,0.1452,0.4906,50.69,6,false,true,INESTABLE
Ciudad_0140_colapso_o_critica,0.717,0.4837,0.4708,0.7008,3.2528,0.1966,-0.2656,0.1969,0.3326,35.59,4,true,true,CRITICO
Ciudad_0764_funcional_estable,0.5194,1.0123,0.8148,0.4797,3.7596,0.5889,0.0317,-0.0173,0.6138,70.49,8,false,false,FUNCIONAL
Ciudad_0998_optima,0.3124,1.3339,1.1069,0.2859,2.3429,0.7736,0.0324,0.0377,0.862,84.94,8,false,false,OPTIMO
Ciudad_0641_funcional_estable,0.6416,0.8104,0.9578,0.4042,3.5506,0.6568,-0.0015,-0.0046,0.6841,68.66,9,false,true,FUNCIONAL
Ciudad_0154_colapso_o_critica,0.9125,0.2767,0.6741,0.6876,7.03,0.1081,-0.1561,0.3109,0.3198,29.0,8,true,true,CRITICO
Ciudad_0927_optima,0.3864,1.1682,1.1167,0.3026,1.7099,0.822,0.1039,0.0139,0.8847,84.17,6,false,false,OPTIMO
Ciudad_0851_funcional_estable,0.5496,0.9676,0.8145,0.4041,5.7799,0.6594,0.0475,0.0773,0.6591,71.62,13,false,true,FUNCIONAL
Ciudad_1191_optima,0.4136,1.0834,1.2137,0.2771,3.5333,0.9019,0.0262,-0.0341,0.949,85.61,12,false,false,OPTIMO
Ciudad_0732_funcional_estable,0.4732,0.8949,0.8478,0.3234,4.2689,0.6421,0.0538,0.0258,0.6812,72.86,13,false,false,FUNCIONAL
Ciudad_1090_optima,0.4057,1.4004,1.1045,0.1754,0.9751,0.782,0.0991,-0.0481,0.936,84.9,5,false,false,OPTIMO
Ciudad_0880_funcional_estable,0.5324,1.0077,0.8568,0.4971,3.5708,0.6206,-0.002,-0.0076,0.6834,71.44,7,false,false,FUNCIONAL
Ciudad_0285_colapso_o_critica,0.9174,0.5448,0.4422,0.9545,4.9838,0.1488,-0.211,0.4376,0.2157,27.78,4,true,true,CRITICO
Ciudad_1161_optima,0.0866,1.2226,1.1155,0.1742,0.5877,0.9197,0.1162,0.0355,0.9841,94.05,4,false,false,OPTIMO
Ciudad_1196_optima,0.3213,1.1979,1.1813,0.1892,1.0171,0.8611,0.0962,-0.0136,0.9182,87.96,7,false,false,OPTIMO
Ciudad_1007_optima,0.2067,1.3307,0.9036,0.2691,3.0311,0.7799,-0.0153,0.0064,0.8361,85.5,11,false,false,OPTIMO
Ciudad_0472_saturada_o_inestable,0.6021,0.5712,0.797,0.5714,3.9333,0.4448,-0.1293,0.0926,0.5207,53.5,6,false,false,INESTABLE
Ciudad_0932_optima,0.3717,1.1883,0.9733,0.1944,1.2555,0.7852,0.0719,-0.0335,0.8445,84.82,6,false,false,OPTIMO
Ciudad_0566_saturada_o_inestable,0.7034,0.614,0.7455,0.5426,3.558,0.4692,-0.0009,0.0556,0.5499,52.44,6,false,true,INESTABLE
Ciudad_0456_saturada_o_inestable,0.702,0.5323,0.592,0.5327,5.25,0.625,-0.0158,0.1247,0.5738,50.62,9,false,true,INESTABLE
Ciudad_0671_funcional_estable,0.4834,0.8891,0.7471,0.4027,2.3168,0.6209,0.0095,0.002,0.6365,68.88,6,false,true,FUNCIONAL
Ciudad_0451_saturada_o_inestable,0.618,0.8742,0.621,0.4507,2.8562,0.5984,-0.001,0.0664,0.5562,55.07,6,false,true,INESTABLE
Ciudad_1081_optima,0.4604,1.3704,1.2753,0.1625,1.9118,0.8732,0.0529,0.0147,0.9921,85.82,11,false,false,OPTIMO
Ciudad_0269_colapso_o_critica,0.8524,0.3357,0.7378,0.7288,10.8972,0.2058,-0.2224,0.3165,0.3814,34.28,12,true,true,CRITICO
Ciudad_0417_saturada_o_inestable,0.5741,0.5662,0.8925,0.6173,8.4455,0.4483,-0.1489,0.1706,0.5408,55.23,12,false,true,INESTABLE
Ciudad_0248_colapso_o_critica,0.8665,0.2407,0.581,0.8147,7.2417,0.2141,-0.1655,0.2155,0.3328,27.37,8,true,true,CRITICO
Ciudad_0438_saturada_o_inestable,0.5844,0.6986,0.8086,0.557,5.7775,0.4532,-0.1501,0.1488,0.5149,57.66,9,false,false,INESTABLE
Ciudad_1075_optima,0.4343,1.1588,0.8804,0.1455,1.6127,0.8973,0.0186,-0.0465,0.8583,84.69,10,false,false,OPTIMO
Ciudad_0125_colapso_o_critica,0.7316,0.6094,0.6196,0.8882,6.2782,0.3784,-0.1006,0.3691,0.3754,31.06,6,true,true,CRITICO
Ciudad_0284_colapso_o_critica,0.8039,0.5572,0.6048,0.8862,6.481,0.2929,-0.1059,0.3634,0.3829,37.51,6,false,false,CRITICO
Ciudad_0568_saturada_o_inestable,0.6561,0.717,0.5848,0.6996,5.8203,0.4722,-0.0023,0.1867,0.5066,50.45,7,false,true,INESTABLE
Ciudad_1076_optima,0.1558,1.3071,0.9967,0.0565,0.233,0.89,0.039,0.0218,0.9736,93.77,4,false,false,OPTIMO
Ciudad_0029_colapso_o_critica,0.9537,0.3143,0.2945,0.7107,7.7489,0.0791,-0.1403,0.4411,0.2195,20.59,8,true,true,CRITICO
Ciudad_0378_saturada_o_inestable,0.8142,0.8485,0.686,0.5885,4.6545,0.6305,-0.0962,0.088,0.5644,57.43,7,false,true,INESTABLE
Ciudad_1059_optima,0.2253,1.0991,1.1143,0.0211,0.2,0.9766,0.0405,0.0296,1,94.71,5,false,false,OPTIMO
Ciudad_0563_saturada_o_inestable,0.5882,0.8363,0.6819,0.5969,8.2475,0.5272,-0.1638,0.1473,0.5642,55.34,12,false,false,INESTABLE
Ciudad_0070_colapso_o_critica,0.9249,0.2708,0.7317,0.7173,10.4193,0.1773,-0.3503,0.4385,0.4138,30.69,11,true,true,CRITICO
Ciudad_0624_funcional_estable,0.395,1.0326,0.8399,0.4733,4.6609,0.6678,0.0101,0.0339,0.6838,75.15,10,false,false,FUNCIONAL
Ciudad_0991_optima,0.181,1.0943,1.2573,0.0247,0.3198,0.7781,0.0385,0.0312,0.9556,91.57,11,false,false,OPTIMO
Ciudad_0207_colapso_o_critica,0.8778,0.5839,0.427,0.9436,5.6908,0.3083,-0.1317,0.3069,0.2672,32.6,5,true,true,CRITICO
Ciudad_1030_optima,0.3884,1.3419,1.236,0.1144,0.7537,0.7741,0.0742,0.0118,0.9203,86.0,6,false,false,OPTIMO
Ciudad_1045_optima,0.4732,1.4276,1.282,0.2258,0.8352,0.841,0.0948,-0.028,0.9233,83.97,4,false,false,OPTIMO
Ciudad_0786_funcional_estable,0.5312,0.924,0.852,0.3262,1.7669,0.5828,0.0292,0.0784,0.6912,71.28,5,false,true,FUNCIONAL
Ciudad_0170_colapso_o_critica,0.8251,0.4156,0.3755,0.776,10.4145,0.3294,-0.0862,0.1618,0.3627,31.35,12,true,true,CRITICO
Ciudad_0370_saturada_o_inestable,0.8127,0.8097,0.5972,0.5011,2.8954,0.4623,-0.0705,0.1162,0.4985,52.66,5,false,true,INESTABLE
Ciudad_0636_funcional_estable,0.5188,0.8741,0.9733,0.4221,3.0766,0.6708,0.0573,0.0429,0.7547,73.03,7,false,false,FUNCIONAL
Ciudad_0171_colapso_o_critica,0.7581,0.255,0.2762,0.8542,6.0103,0.2605,-0.2458,0.2924,0.2937,24.13,6,true,false,CRITICO
Ciudad_0784_funcional_estable,0.4756,1.0387,0.9261,0.4615,1.7416,0.6469,-0.057,0.0391,0.7327,75.03,4,false,false,FUNCIONAL
Ciudad_0704_funcional_estable,0.5312,0.8574,0.821,0.3652,2.4977,0.5743,0.0158,-0.0005,0.6452,68.24,7,false,true,FUNCIONAL
Ciudad_1194_optima,0.3307,1.228,0.9639,0.0255,0.5893,0.9044,0.0451,0.0244,0.9129,90.37,11,false,false,OPTIMO
Ciudad_0354_saturada_o_inestable,0.827,0.8919,0.7231,0.7414,10.5437,0.4032,-0.0404,0.1139,0.4451,52.16,13,false,true,INESTABLE
Ciudad_0310_saturada_o_inestable,0.826,0.8724,0.8034,0.6127,7.6014,0.4597,-0.1272,0.1251,0.564,56.36,11,false,true,INESTABLE
Ciudad_0503_saturada_o_inestable,0.5828,0.8522,0.6661,0.7572,9.8849,0.493,-0.1647,0.115,0.5014,56.48,12,false,true,INESTABLE
Ciudad_0777_funcional_estable,0.5464,0.939,0.9717,0.4556,7.1947,0.5842,0.0131,0.0787,0.7141,71.83,14,false,true,FUNCIONAL
Ciudad_0874_funcional_estable,0.3826,1.0613,0.8795,0.4265,3.7103,0.5518,-0.0472,0.0473,0.6674,74.58,8,false,false,FUNCIONAL
Ciudad_1182_optima,0.2097,1.0152,0.9285,0.3063,2.0024,0.8814,0.069,-0.0324,0.8465,87.41,6,false,false,OPTIMO
Ciudad_0291_colapso_o_critica,0.907,0.3277,0.4013,0.7117,8.5124,0.0515,-0.3796,0.2262,0.2193,23.43,10,true,true,CRITICO
Ciudad_0928_optima,0.1002,1.3559,1.0014,0.2614,1.9183,0.8541,-0.0041,0.0049,0.8686,91.16,8,false,false,OPTIMO
Ciudad_0510_saturada_o_inestable,0.6296,0.6811,0.7122,0.7495,4.0191,0.459,-0.0452,0.1589,0.4447,51.62,5,false,true,INESTABLE
Ciudad_1140_optima,0.2105,1.2795,1.1575,0.1075,0.8143,0.7728,0.009,-0.0667,0.9283,89.63,6,false,false,OPTIMO
Ciudad_1187_optima,0.1452,1.2855,1.3123,0.0954,1.6636,0.7822,0.0182,0.0282,0.9714,91.31,14,false,false,OPTIMO
Ciudad_0169_colapso_o_critica,0.7987,0.4833,0.5499,0.8277,12.9291,0.1682,-0.2217,0.4185,0.2774,33.06,12,true,false,CRITICO
Ciudad_1039_optima,0.3546,1.3953,1.2203,0.08,0.5135,0.7255,0.002,-0.014,0.9485,86.22,4,false,false,OPTIMO
Ciudad_1111_optima,0.2336,1.1095,1.1107,0.1384,0.8141,0.8592,0.058,0.0388,0.9372,90.44,7,false,false,OPTIMO
Ciudad_0844_funcional_estable,0.5791,1.0091,0.9193,0.3901,3.0868,0.6903,0.0007,0.0871,0.6781,74.76,7,false,true,FUNCIONAL
Ciudad_0469_saturada_o_inestable,0.6968,0.7551,0.7884,0.6329,4.2235,0.4879,-0.078,0.2078,0.5585,55.97,6,false,true,INESTABLE
Ciudad_0424_saturada_o_inestable,0.8651,0.9076,0.568,0.5113,2.5061,0.5444,-0.1362,0.1662,0.5467,54.97,4,false,true,INESTABLE
Ciudad_0449_saturada_o_inestable,0.732,0.6362,0.6305,0.6937,9.0855,0.5128,-0.0062,0.0901,0.5241,48.73,12,false,true,INESTABLE
Ciudad_0373_saturada_o_inestable,0.7235,0.8124,0.5896,0.4875,5.2732,0.5066,-0.1398,0.2127,0.5373,55.45,9,false,false,INESTABLE
Ciudad_0558_saturada_o_inestable,0.6772,0.6436,0.5949,0.5071,2.2486,0.4262,0.0054,0.0551,0.5404,50.36,4,false,true,INESTABLE
Ciudad_0615_funcional_estable,0.3282,0.8456,0.8547,0.4338,2.2184,0.7299,0.0576,-0.007,0.7446,74.76,5,false,false,FUNCIONAL
Ciudad_0161_colapso_o_critica,0.7414,0.5647,0.5861,0.6752,11.8732,0.3042,-0.1355,0.3055,0.3749,32.39,14,true,true,CRITICO
Ciudad_0268_colapso_o_critica,0.8179,0.2195,0.6036,0.8533,5.1601,0.415,-0.2985,0.2163,0.4198,31.7,5,true,false,CRITICO
Ciudad_1195_optima,0.4208,1.1319,1.1566,0.0464,0.2551,0.829,0.0889,0.0338,0.9498,87.47,5,false,false,OPTIMO
Ciudad_1053_optima,0.2453,1.0596,0.9159,0.2589,3.5528,0.9015,-0.0044,-0.0084,0.8417,87.56,14,false,false,OPTIMO
Ciudad_0404_saturada_o_inestable,0.5895,0.8968,0.6118,0.5621,6.278,0.4539,-0.0594,0.1249,0.4968,56.89,10,false,false,INESTABLE
Ciudad_0676_funcional_estable,0.4269,0.7985,0.7406,0.3585,3.297,0.7044,-0.0263,0.0173,0.7081,69.95,9,false,false,FUNCIONAL
Ciudad_1121_optima,0.2361,1.2384,0.9489,0.1424,1.2442,0.9148,0.0438,-0.0456,0.9086,90.42,10,false,false,OPTIMO
Ciudad_0867_funcional_estable,0.65,0.8271,0.9418,0.4467,2.3053,0.589,0.0404,0.0338,0.6929,66.59,5,false,false,FUNCIONAL
Ciudad_0917_optima,0.3143,1.3543,0.9757,0.046,0.7688,0.7353,0.0819,0.0371,0.8587,87.24,12,false,false,OPTIMO
Ciudad_0629_funcional_estable,0.6592,1.0814,0.7951,0.3627,4.493,0.7057,0.0523,0.0858,0.7874,71.39,11,false,false,FUNCIONAL
Ciudad_0596_saturada_o_inestable,0.6947,0.7313,0.8562,0.6628,7.9669,0.5592,-0.1713,0.1103,0.6021,57.76,11,false,true,INESTABLE
Ciudad_0066_colapso_o_critica,0.7413,0.3574,0.3929,0.9698,5.9672,0.3036,-0.1595,0.4245,0.273,28.49,5,true,true,CRITICO
Ciudad_0476_saturada_o_inestable,0.6406,0.6054,0.623,0.6577,5.4085,0.4661,-0.0785,0.2028,0.4597,49.24,7,false,true,INESTABLE
Ciudad_0341_saturada_o_inestable,0.7482,0.6635,0.8421,0.6153,9.3551,0.5102,-0.1404,0.1801,0.5572,54.44,13,false,true,INESTABLE
Ciudad_1134_optima,0.2672,1.0318,1.0971,0.2066,1.9887,0.8219,0.068,-0.0089,0.9206,88.0,10,false,false,OPTIMO
Ciudad_0986_optima,0.2329,1.1337,1.1923,0.3152,1.575,0.7793,0.0432,0.0033,0.8807,86.2,5,false,false,OPTIMO
Ciudad_0819_funcional_estable,0.3703,0.8354,0.9829,0.5276,2.3264,0.5583,-0.0242,0.0016,0.6746,71.39,4,false,false,FUNCIONAL
Ciudad_0813_funcional_estable,0.5412,0.8357,0.8063,0.536,3.3307,0.6284,0.0593,0.0198,0.6042,65.72,6,false,false,FUNCIONAL
Ciudad_0499_saturada_o_inestable,0.7676,0.7668,0.6206,0.6913,3.7912,0.5351,-0.0499,0.0958,0.4652,51.56,5,false,false,INESTABLE
Ciudad_0694_funcional_estable,0.4606,0.8851,0.8117,0.3482,5.1773,0.7203,-0.0412,0.0645,0.7318,73.34,14,false,false,FUNCIONAL
Ciudad_1015_optima,0.223,1.4089,1.2228,0.2823,1.5443,0.9029,0.0257,-0.0416,1,89.36,5,false,false,OPTIMO
Ciudad_0230_colapso_o_critica,0.7983,0.3319,0.7384,0.7831,5.1005,0.1667,-0.1111,0.1612,0.346,33.69,6,true,true,CRITICO
Ciudad_0228_colapso_o_critica,0.7035,0.4056,0.2758,0.9563,8.3489,0.2309,-0.3763,0.1577,0.1847,26.86,8,true,true,CRITICO
Ciudad_1152_optima,0.1454,1.3108,1.1551,0.2451,3.0467,0.7786,0.1095,-0.0608,0.9001,88.99,12,false,false,OPTIMO
Ciudad_0052_colapso_o_critica,0.8785,0.3453,0.6138,0.8658,10.5801,0.1337,-0.2376,0.3489,0.3058,28.02,10,true,true,CRITICO
Ciudad_0613_funcional_estable,0.6041,0.9535,1.0282,0.4445,2.8712,0.6925,-0.0065,0.0841,0.7633,73.94,6,false,false,FUNCIONAL
Ciudad_0700_funcional_estable,0.5652,0.8071,0.9143,0.33,4.2687,0.7556,0.0342,0.0094,0.7879,72.32,12,false,false,FUNCIONAL
Ciudad_0528_saturada_o_inestable,0.6517,0.8478,0.8227,0.4917,6.472,0.4127,-0.0863,0.1238,0.5803,58,12,false,true,INESTABLE
Ciudad_0153_colapso_o_critica,0.9124,0.4413,0.4839,0.7339,9.653,0.1136,-0.3272,0.3967,0.273,28.73,10,true,true,CRITICO
Ciudad_0540_saturada_o_inestable,0.8647,0.6243,0.8289,0.5821,8.6157,0.5668,-0.1655,0.1472,0.5894,52.5,13,false,true,INESTABLE
Ciudad_0633_funcional_estable,0.4097,0.8498,0.8528,0.287,1.8455,0.6708,0.0266,0.0812,0.6892,74.22,5,false,false,FUNCIONAL
Ciudad_1046_optima,0.2398,1.0724,1.1187,0.316,3.4036,0.7732,0.1002,-0.0615,0.8512,85.93,10,false,false,OPTIMO
Ciudad_0437_saturada_o_inestable,0.572,0.5923,0.6174,0.4488,6.5436,0.4272,-0.1503,0.1042,0.5221,52.53,13,false,true,INESTABLE
Ciudad_0839_funcional_estable,0.562,1.0707,0.7584,0.3604,4.8858,0.6737,0.0235,0.0741,0.7177,72.0,12,false,false,FUNCIONAL
Ciudad_0572_saturada_o_inestable,0.7781,0.728,0.5953,0.5031,4.0974,0.4461,-0.0163,0.1326,0.4954,50.92,7,false,false,INESTABLE
Ciudad_0710_funcional_estable,0.3961,1.0186,1.009,0.4497,4.0637,0.6541,-0.0387,-0.0101,0.7564,70.35,9,false,false,FUNCIONAL
Ciudad_1065_optima,0.2127,1.4333,1.2083,0.2944,2.6893,0.8159,0.0491,0.0385,0.9147,87.65,8,false,false,OPTIMO
Ciudad_0489_saturada_o_inestable,0.8077,0.8545,0.7863,0.6146,5.8593,0.6145,-0.1377,0.0539,0.5952,50.66,9,false,true,INESTABLE
Ciudad_0661_funcional_estable,0.6735,1.0182,1.0531,0.4434,6.3266,0.6162,0.0524,0.0003,0.7652,72.2,14,false,false,FUNCIONAL
Ciudad_0570_saturada_o_inestable,0.5882,0.737,0.5689,0.6652,6.278,0.5884,-0.0105,0.2134,0.5379,54.83,8,false,true,INESTABLE
Ciudad_0802_funcional_estable,0.6246,0.8419,0.83,0.5508,7.0611,0.7363,0.0084,0.0739,0.6958,66.62,12,false,false,FUNCIONAL
Ciudad_0863_funcional_estable,0.6414,0.8643,0.7695,0.5129,4.2884,0.7485,-0.054,0.056,0.6888,66.45,8,false,false,FUNCIONAL
Ciudad_0972_optima,0.4138,1.0615,0.9737,0.179,2.528,0.8378,0.0717,-0.0186,0.8652,85.27,14,false,false,OPTIMO
Ciudad_0868_funcional_estable,0.6223,0.9699,1.0058,0.5568,8.4313,0.6924,-0.007,0.0927,0.7678,72.3,14,false,false,FUNCIONAL
Ciudad_0574_saturada_o_inestable,0.7997,0.6307,0.7004,0.4948,6.1634,0.4234,-0.0313,0.2134,0.5445,49.83,10,false,false,INESTABLE
Ciudad_0753_funcional_estable,0.4205,1.0402,0.7611,0.5299,7.5389,0.5949,0.0392,0.0257,0.5894,70.76,14,false,false,FUNCIONAL
Ciudad_0062_colapso_o_critica,0.9809,0.4864,0.2732,0.6854,8.5304,0.448,-0.3629,0.1594,0.3623,31.69,11,true,true,CRITICO
Ciudad_0699_funcional_estable,0.6597,0.8573,0.9249,0.436,3.019,0.6583,0.0468,-0.0147,0.7551,68.36,7,false,false,FUNCIONAL
Ciudad_0338_saturada_o_inestable,0.6396,0.6355,0.7705,0.7498,4.3903,0.5615,-0.0491,0.1993,0.5724,53.49,5,false,false,INESTABLE
Ciudad_0714_funcional_estable,0.451,1.0328,0.9723,0.379,4.5156,0.7343,-0.0555,-0.0015,0.7624,76,12,false,false,FUNCIONAL
Ciudad_0294_colapso_o_critica,0.8295,0.2764,0.3006,1.0,12.2073,0.245,-0.1375,0.4168,0.2016,21.23,10,false,true,CRITICO
Ciudad_0084_colapso_o_critica,0.8914,0.5357,0.4384,0.941,9.8411,0.3765,-0.1526,0.2915,0.369,32.75,9,true,true,CRITICO
Ciudad_0501_saturada_o_inestable,0.658,0.7316,0.6968,0.4898,4.8033,0.4229,-0.1083,0.0883,0.5057,55.18,9,false,true,INESTABLE
Ciudad_0282_colapso_o_critica,0.9594,0.4494,0.2711,0.8022,4.7694,0.0814,-0.217,0.326,0.176,22.06,5,true,true,CRITICO
Ciudad_0069_colapso_o_critica,0.833,0.2817,0.4182,0.7794,6.8447,0.384,-0.2199,0.434,0.3739,29.74,7,true,true,CRITICO
Ciudad_1168_optima,0.2757,1.0369,1.1319,0.1363,1.8573,0.9078,-0.0115,0.0107,0.9648,90.6,14,false,false,OPTIMO
Ciudad_0883_funcional_estable,0.3913,0.9361,0.9069,0.4763,3.2649,0.6649,0.0392,0.0966,0.723,74.87,6,false,false,FUNCIONAL
Ciudad_0139_colapso_o_critica,0.9457,0.6164,0.5047,0.8934,14.1693,0.3912,-0.3124,0.205,0.4024,36.01,14,true,true,CRITICO
Ciudad_0240_colapso_o_critica,0.8614,0.5643,0.4037,0.698,7.5934,0.3237,-0.0835,0.2178,0.3522,35.96,9,false,true,CRITICO
Ciudad_0527_saturada_o_inestable,0.7237,0.596,0.7423,0.5045,5.4881,0.5837,-0.0157,0.1661,0.637,54.38,9,false,true,INESTABLE
Ciudad_0117_colapso_o_critica,0.9451,0.3542,0.7231,0.6617,3.8085,0.2375,-0.304,0.1443,0.4285,34.24,5,true,true,CRITICO
Ciudad_0356_saturada_o_inestable,0.832,0.7752,0.7275,0.5154,5.5692,0.489,-0.124,0.173,0.5502,54.34,9,false,true,INESTABLE
Ciudad_0326_saturada_o_inestable,0.7765,0.9135,0.8299,0.737,6.1977,0.6827,-0.0858,0.0696,0.6333,55.44,8,false,false,INESTABLE
Ciudad_0555_saturada_o_inestable,0.809,0.5312,0.5551,0.6818,6.6973,0.6305,-0.0932,0.0987,0.5403,45.58,9,false,true,INESTABLE
Ciudad_0093_colapso_o_critica,0.8746,0.3931,0.7487,0.7788,7.0147,0.1808,-0.3543,0.4024,0.3855,34.24,7,true,true,CRITICO
Ciudad_1149_optima,0.3593,1.0678,1.0071,0.1695,2.7819,0.76,0.0387,0.0383,0.8534,85.47,14,false,false,OPTIMO
Ciudad_0331_saturada_o_inestable,0.5925,0.8897,0.624,0.4659,3.2468,0.4294,-0.0645,0.147,0.5586,54.6,6,false,true,INESTABLE
Ciudad_1069_optima,0.1987,1.0498,0.9389,0.1203,1.2233,0.9449,0.0685,0.0352,0.9075,91.9,8,false,false,OPTIMO
Ciudad_0762_funcional_estable,0.5384,0.893,0.8739,0.3291,1.9031,0.6793,0.0577,0.0526,0.738,72.68,5,false,true,FUNCIONAL
Ciudad_0186_colapso_o_critica,0.8376,0.4855,0.7459,0.9981,13.4598,0.0705,-0.2874,0.2429,0.2425,31.74,12,false,true,CRITICO
Ciudad_1184_optima,0.2811,1.3947,1.0244,0.1605,0.7138,0.9181,0.0981,-0.0341,0.9638,90.33,4,false,false,OPTIMO
Ciudad_1009_optima,0.1762,1.2841,0.9522,0.1111,1.1315,0.7546,0.0484,-0.0646,0.8533,88.95,8,false,false,OPTIMO
Ciudad_0031_colapso_o_critica,0.8826,0.3141,0.3322,0.865,10.5472,0.4364,-0.1826,0.1722,0.3494,27.6,11,true,true,CRITICO
Ciudad_0321_saturada_o_inestable,0.664,0.8861,0.9087,0.6043,8.5471,0.5657,-0.1773,0.2093,0.6788,50.65,12,false,true,INESTABLE
Ciudad_0299_colapso_o_critica,0.9696,0.5341,0.6174,0.9391,8.2843,0.3833,-0.1435,0.4364,0.3839,34.89,7,true,true,CRITICO
Ciudad_1141_optima,0.4433,1.2701,0.9878,0.1336,1.3447,0.771,0.0587,-0.0363,0.8916,84.31,10,false,false,OPTIMO
Ciudad_0554_saturada_o_inestable,0.7475,0.8474,0.8893,0.531,5.5547,0.4351,-0.1566,0.175,0.5661,56.8,9,false,false,INESTABLE
Ciudad_0834_funcional_estable,0.5839,0.9192,0.7552,0.4911,4.171,0.5793,0.0376,-0.0131,0.5796,65.63,8,false,false,FUNCIONAL
Ciudad_0219_colapso_o_critica,0.8735,0.6016,0.3673,0.8799,3.5828,0.4139,-0.2264,0.145,0.3011,34.99,4,true,true,CRITICO
Ciudad_0286_colapso_o_critica,0.8433,0.4375,0.7643,0.9368,5.3543,0.1318,-0.3245,0.2536,0.2899,32.94,5,true,true,CRITICO
Ciudad_0854_funcional_estable,0.4957,1.0187,0.9817,0.2672,1.0766,0.593,0.027,-0.0171,0.7279,66.85,4,false,false,FUNCIONAL
Ciudad_0564_saturada_o_inestable,0.8299,0.6977,0.8795,0.5144,2.2347,0.4798,-0.0315,0.0657,0.5488,55.31,4,false,true,INESTABLE
Ciudad_0799_funcional_estable,0.5054,1.0927,0.9677,0.5042,3.6538,0.6243,0.0564,0.0433,0.7078,74.17,7,false,false,FUNCIONAL
Ciudad_1162_optima,0.4404,1.2842,0.9927,0.1763,1.446,0.9522,0.1069,-0.0316,0.9173,87.44,9,false,false,OPTIMO
Ciudad_0288_colapso_o_critica,0.8217,0.452,0.2544,0.9547,14.5024,0.2609,-0.2187,0.3133,0.236,25.85,13,false,true,CRITICO
Ciudad_0828_funcional_estable,0.4474,0.8125,0.9033,0.4179,4.6234,0.5594,0.0086,0.0027,0.6851,69.35,11,false,false,FUNCIONAL
Ciudad_0962_optima,0.122,1.2103,1.2747,0.2793,1.2623,0.8084,0.0478,-0.0486,0.9135,89.54,4,false,false,OPTIMO
Ciudad_0366_saturada_o_inestable,0.7556,0.5183,0.5109,0.5593,8.6818,0.4233,-0.0024,0.2151,0.4288,43.14,13,false,false,INESTABLE
Ciudad_0134_colapso_o_critica,0.8585,0.5704,0.6505,0.7324,4.0385,0.2999,-0.2119,0.4041,0.4009,30.71,4,true,true,CRITICO
Ciudad_0120_colapso_o_critica,0.9087,0.4216,0.3122,0.7585,9.453,0.1775,-0.1345,0.3833,0.238,25.78,10,true,true,CRITICO
Ciudad_0030_colapso_o_critica,0.7214,0.5644,0.334,0.827,9.3143,0.4359,-0.1023,0.3574,0.3052,37.68,9,true,true,CRITICO
Ciudad_0716_funcional_estable,0.4096,0.7726,0.9789,0.3943,3.0134,0.6479,0.0146,0.0276,0.7639,72.75,7,false,false,FUNCIONAL
Ciudad_0647_funcional_estable,0.5378,0.9761,0.7564,0.4868,5.0668,0.5727,0.0067,0.0409,0.6183,67.93,10,false,false,FUNCIONAL
Ciudad_0267_colapso_o_critica,0.8194,0.4267,0.3374,0.9558,5.4022,0.1348,-0.3658,0.2381,0.1984,24.39,5,true,true,CRITICO
Ciudad_0155_colapso_o_critica,0.887,0.3668,0.4916,0.845,9.1616,0.4491,-0.1697,0.2945,0.3901,32.57,9,true,true,CRITICO
Ciudad_0400_saturada_o_inestable,0.6019,0.8325,0.5722,0.4989,6.2777,0.5603,-0.0061,0.1261,0.5433,54.57,11,false,true,INESTABLE
Ciudad_0065_colapso_o_critica,0.7434,0.1633,0.6301,0.7589,7.5843,0.3682,-0.1725,0.342,0.4177,32.8,8,true,true,CRITICO
Ciudad_0533_saturada_o_inestable,0.7911,0.8614,0.6613,0.6974,7.3623,0.4227,-0.1799,0.0945,0.4503,51.93,10,false,true,INESTABLE
Ciudad_0763_funcional_estable,0.4185,1.0361,0.7768,0.502,2.5884,0.5916,-0.0415,-0.0137,0.6438,71.47,5,false,false,FUNCIONAL
Ciudad_0016_colapso_o_critica,0.7448,0.1346,0.5869,0.7474,9.5998,0.2066,-0.3302,0.3684,0.3596,28.13,10,true,true,CRITICO
Ciudad_0263_colapso_o_critica,0.8981,0.5957,0.4183,0.944,6.9559,0.1218,-0.2789,0.3601,0.2132,28.57,6,true,true,CRITICO
Ciudad_0385_saturada_o_inestable,0.8284,0.6336,0.8602,0.7084,6.4066,0.5003,-0.0348,0.1741,0.567,50.86,8,false,true,INESTABLE
Ciudad_0725_funcional_estable,0.6869,0.9536,0.9405,0.3535,2.7794,0.6543,0.0371,0.0252,0.7454,71.7,8,false,false,FUNCIONAL
Ciudad_0790_funcional_estable,0.4147,0.9599,0.9086,0.3479,1.7925,0.5628,0.0439,0.0013,0.6959,74.91,5,false,false,FUNCIONAL
Ciudad_0094_colapso_o_critica,0.7488,0.4745,0.5962,0.7148,6.0011,0.3797,-0.2516,0.2299,0.3981,29.65,7,true,true,CRITICO
Ciudad_0482_saturada_o_inestable,0.7297,0.7097,0.6984,0.7603,4.9688,0.5278,-0.1271,0.1505,0.4916,51.27,6,false,true,INESTABLE
Ciudad_0999_optima,0.4496,1.2121,1.2351,0.2605,2.2817,0.8668,-0.0141,-0.043,0.9678,84.44,9,false,false,OPTIMO
Ciudad_0019_colapso_o_critica,0.8828,0.5346,0.657,0.817,7.4039,0.2059,-0.2268,0.4252,0.3416,35.71,7,true,true,CRITICO
Ciudad_0113_colapso_o_critica,0.8398,0.2706,0.5062,0.7464,5.8409,0.1915,-0.1643,0.163,0.2797,27.73,7,false,true,CRITICO
Ciudad_0721_funcional_estable,0.4797,0.9612,0.9385,0.4179,3.5589,0.7476,-0.0388,-0.0099,0.76,71.96,8,false,false,FUNCIONAL
Ciudad_0335_saturada_o_inestable,0.8505,0.6196,0.5349,0.6156,3.1974,0.5317,-0.0731,0.066,0.5175,45.58,5,false,true,INESTABLE
Ciudad_1181_optima,0.1563,1.3734,1.114,0.2216,2.6052,0.8067,0.0837,-0.035,0.8822,89.68,12,false,false,OPTIMO
Ciudad_0965_optima,0.3164,1.1891,1.1507,0.0633,0.6403,0.7627,0.0796,-0.0508,0.9252,87.98,10,false,false,OPTIMO
Ciudad_1155_optima,0.164,1.11,1.2167,0.1498,1.53,0.947,0.0845,-0.0525,1,93.41,11,false,false,OPTIMO
Ciudad_0830_funcional_estable,0.4549,0.8282,0.896,0.3815,1.8628,0.5748,0.024,0.0906,0.6821,70.3,4,false,false,FUNCIONAL
Ciudad_0143_colapso_o_critica,0.7776,0.3318,0.3564,1.0,8.4942,0.3693,-0.0953,0.3572,0.2472,27.26,7,true,true,CRITICO
Ciudad_0363_saturada_o_inestable,0.84,0.8901,0.783,0.5799,4.8956,0.4328,-0.1565,0.2074,0.5028,56.07,7,false,true,INESTABLE
Ciudad_0076_colapso_o_critica,0.8558,0.2768,0.3499,0.7227,11.0045,0.1883,-0.2046,0.3576,0.284,24.73,12,false,true,CRITICO
Ciudad_1170_optima,0.1795,1.1371,1.2312,0.3048,2.5358,0.8584,0.0915,-0.036,0.9571,89.01,9,false,false,OPTIMO
Ciudad_1176_optima,0.4066,1.0705,1.225,0.1817,0.6486,0.9254,0.117,0.0177,0.967,87.65,4,false,false,OPTIMO
Ciudad_1200_optima,0.3866,1.3997,1.0943,0.3043,2.6051,0.819,0.0461,0.0364,0.9093,84.08,7,false,false,OPTIMO
Ciudad_0651_funcional_estable,0.6554,0.9087,0.8835,0.4767,4.7684,0.6691,-0.0441,0.0206,0.6461,68.51,10,false,false,FUNCIONAL
Ciudad_0982_optima,0.3402,1.2132,0.9915,0.2647,2.3605,0.7443,0.0843,0.0299,0.7893,83.94,8,false,false,OPTIMO
Ciudad_0775_funcional_estable,0.4088,0.8582,0.7555,0.2833,4.7559,0.6293,-0.0146,0.0845,0.6964,71.73,14,false,false,FUNCIONAL
Ciudad_0129_colapso_o_critica,0.9212,0.3317,0.521,0.7159,8.5144,0.3055,-0.2288,0.4315,0.3785,30.66,9,false,true,CRITICO
Ciudad_0604_funcional_estable,0.4358,0.8761,0.9414,0.3335,1.8307,0.537,0.0411,0.0426,0.6905,72.75,5,false,false,FUNCIONAL
Ciudad_0683_funcional_estable,0.4239,0.8013,0.8719,0.4216,5.2902,0.7176,0.0273,0.0038,0.7204,72.02,12,false,false,FUNCIONAL
Ciudad_0518_saturada_o_inestable,0.8273,0.8673,0.6677,0.6662,8.9248,0.512,-0.1414,0.1103,0.4701,53.74,12,false,true,INESTABLE
Ciudad_0590_saturada_o_inestable,0.6886,0.6989,0.6096,0.4788,8.2277,0.5911,-0.1618,0.205,0.6063,55.53,14,false,false,INESTABLE
Ciudad_0116_colapso_o_critica,0.7407,0.3253,0.4906,0.9087,11.4547,0.4542,-0.1536,0.2675,0.3451,33.58,11,false,true,CRITICO
Ciudad_0856_funcional_estable,0.384,0.9937,0.9221,0.3526,5.6096,0.6926,0.05,0.0976,0.7492,73.35,14,false,false,FUNCIONAL
Ciudad_0167_colapso_o_critica,0.7696,0.3656,0.6894,0.9238,14.375,0.476,-0.2708,0.3314,0.4412,24.59,13,false,true,CRITICO
Ciudad_0448_saturada_o_inestable,0.7296,0.5726,0.6116,0.5472,2.4801,0.5757,-0.0459,0.1498,0.5326,50.26,4,false,false,INESTABLE
Ciudad_0816_funcional_estable,0.4832,0.8959,0.8894,0.3958,4.437,0.6656,-0.0406,0.0665,0.7332,72.9,10,false,false,FUNCIONAL
Ciudad_0047_colapso_o_critica,0.8348,0.3141,0.4148,0.8472,3.8812,0.4355,-0.3369,0.2109,0.3876,30.45,4,true,true,CRITICO
Ciudad_0875_funcional_estable,0.5744,1.0069,0.9435,0.3643,5.409,0.6225,0.0119,0.0748,0.7046,74.37,13,false,true,FUNCIONAL
Ciudad_0358_saturada_o_inestable,0.6207,0.6092,0.6227,0.6564,5.2237,0.5444,-0.0861,0.1759,0.5476,51.31,7,false,true,INESTABLE
Ciudad_0166_colapso_o_critica,0.7678,0.5008,0.4466,0.6587,8.4965,0.3731,-0.0989,0.3197,0.4159,24.03,10,true,true,CRITICO
Ciudad_1013_optima,0.383,1.2992,0.9851,0.2262,0.9808,0.9189,0.0644,-0.0381,0.8891,87.03,4,false,false,OPTIMO
Ciudad_0495_saturada_o_inestable,0.7513,0.8601,0.6956,0.5569,6.3088,0.5847,-0.0511,0.1195,0.6028,50.67,10,false,false,INESTABLE
Ciudad_1074_optima,0.2292,1.1882,1.2602,0.1036,0.6616,0.9327,-0.0005,0.0339,1,92.52,6,false,false,OPTIMO
Ciudad_0973_optima,0.4387,1.2914,0.9349,0.2981,1.4252,0.8231,0.0114,-0.0167,0.8518,81.91,5,false,false,OPTIMO
Ciudad_0994_optima,0.2,1.3169,0.979,0.0308,0.3219,0.8972,0.0039,-0.0167,0.9352,93.06,5,false,false,OPTIMO
Ciudad_0513_saturada_o_inestable,0.755,0.8718,0.7464,0.6349,6.1345,0.5211,-0.1611,0.0908,0.5479,57.52,9,false,true,INESTABLE
Ciudad_1010_optima,0.263,1.1127,1.0186,0.169,1.1934,0.7352,0.06,-0.0695,0.8448,86.91,7,false,false,OPTIMO
Ciudad_0127_colapso_o_critica,0.8689,0.2994,0.5069,0.7391,8.3667,0.1554,-0.3187,0.1869,0.3164,27.27,10,true,true,CRITICO
Ciudad_0075_colapso_o_critica,0.7539,0.5537,0.7454,0.8895,11.7033,0.1625,-0.1895,0.3262,0.3287,35.75,11,true,true,CRITICO
Ciudad_0162_colapso_o_critica,0.99,0.2668,0.5871,0.8727,4.8535,0.2303,-0.2085,0.1715,0.3508,25.13,5,true,true,CRITICO
Ciudad_0379_saturada_o_inestable,0.853,0.7876,0.8238,0.6659,5.2772,0.4898,-0.1352,0.1366,0.5515,53.91,7,false,true,INESTABLE
Ciudad_0313_saturada_o_inestable,0.8388,0.8426,0.75,0.5566,8.5877,0.4445,-0.0873,0.1746,0.5221,54.83,13,false,true,INESTABLE
Ciudad_0428_saturada_o_inestable,0.608,0.8087,0.5899,0.687,7.1708,0.6015,-0.0492,0.1973,0.5689,56.58,9,false,true,INESTABLE
Ciudad_0043_colapso_o_critica,0.9602,0.5938,0.5465,0.7688,9.62,0.2967,-0.1962,0.1801,0.3759,35.97,11,true,true,CRITICO
Ciudad_0434_saturada_o_inestable,0.8042,0.5832,0.7721,0.6104,7.2973,0.5753,-0.1317,0.1892,0.5918,51.29,10,false,true,INESTABLE
Ciudad_0445_saturada_o_inestable,0.6641,0.7706,0.7589,0.5478,6.2728,0.5934,-0.1151,0.1547,0.5843,57.97,10,false,true,INESTABLE
Ciudad_0292_colapso_o_critica,0.9093,0.4855,0.3684,0.9394,9.0747,0.1971,-0.2905,0.3407,0.257,26.17,8,true,true,CRITICO
Ciudad_0133_colapso_o_critica,0.813,0.4353,0.6436,0.7446,10.7355,0.1791,-0.1889,0.1477,0.3224,34.9,13,true,false,CRITICO
Ciudad_0785_funcional_estable,0.426,0.9124,0.7951,0.4118,4.2853,0.739,-0.0028,0.068,0.6868,73.8,9,false,false,FUNCIONAL
Ciudad_0205_colapso_o_critica,0.8127,0.5423,0.6105,0.8555,4.8895,0.1023,-0.3049,0.1972,0.2828,33.73,5,true,true,CRITICO
Ciudad_0996_optima,0.1921,1.1784,1.1807,0.2212,2.7825,0.7747,-0.0118,0.0333,0.9016,88.33,11,false,false,OPTIMO
Ciudad_0039_colapso_o_critica,0.7538,0.2749,0.5075,0.862,4.0406,0.2972,-0.2601,0.2949,0.3338,29.96,4,false,true,CRITICO
Ciudad_0274_colapso_o_critica,0.752,0.4259,0.3894,0.809,12.5758,0.0921,-0.1,0.2908,0.2442,28.1,13,true,true,CRITICO
Ciudad_1085_optima,0.4798,1.2763,1.0692,0.2527,1.0099,0.9054,0.0755,-0.0576,0.9507,84.72,4,false,false,OPTIMO
Ciudad_0323_saturada_o_inestable,0.6624,0.8135,0.6328,0.5666,8.6317,0.5467,-0.0832,0.1724,0.5834,57.18,13,false,true,INESTABLE
Ciudad_0409_saturada_o_inestable,0.6449,0.7313,0.7326,0.5524,6.3909,0.5377,-0.1121,0.1552,0.5803,57.5,10,false,true,INESTABLE
Ciudad_0035_colapso_o_critica,0.8985,0.5709,0.5694,0.7698,8.4658,0.3543,-0.3271,0.1717,0.4167,32.91,10,true,true,CRITICO
Ciudad_0316_saturada_o_inestable,0.6681,0.6633,0.7297,0.6496,5.0597,0.5128,-0.0281,0.1809,0.5331,53.33,7,false,true,INESTABLE
Ciudad_0793_funcional_estable,0.5472,1.0223,0.9519,0.355,5.7636,0.7076,0.0143,0.0951,0.7576,68.81,14,false,false,FUNCIONAL
Ciudad_0682_funcional_estable,0.6013,1.0226,0.9551,0.5225,2.7517,0.7726,0.0407,0.0404,0.7749,74.69,5,false,false,FUNCIONAL
Ciudad_0529_saturada_o_inestable,0.5978,0.6297,0.8628,0.6493,8.3791,0.4432,0.005,0.0878,0.5497,55.17,12,false,false,INESTABLE
Ciudad_0646_funcional_estable,0.592,0.9355,0.8679,0.4926,4.1826,0.5644,-0.0184,0.0776,0.6304,67.8,8,false,false,FUNCIONAL
Ciudad_0305_saturada_o_inestable,0.7758,0.8719,0.6342,0.6187,3.4554,0.5493,-0.0884,0.1813,0.5569,55.67,5,false,true,INESTABLE
Ciudad_0475_saturada_o_inestable,0.7456,0.6135,0.8306,0.7062,8.7373,0.4413,-0.1552,0.178,0.5743,50.27,11,false,false,INESTABLE
Ciudad_0585_saturada_o_inestable,0.7952,0.7065,0.5954,0.6851,9.9637,0.5368,-0.1244,0.1163,0.4823,49.13,13,false,true,INESTABLE
Ciudad_0365_saturada_o_inestable,0.6934,0.684,0.6235,0.6564,3.5615,0.5897,-0.1565,0.0826,0.577,52.65,5,false,false,INESTABLE
Ciudad_0307_saturada_o_inestable,0.5927,0.5883,0.6757,0.6527,6.9581,0.544,-0.0305,0.188,0.5473,52.46,9,false,true,INESTABLE
Ciudad_0234_colapso_o_critica,0.9078,0.319,0.4683,0.9929,11.5158,0.1072,-0.2084,0.287,0.1612,21.44,10,true,true,CRITICO
Ciudad_0913_optima,0.2021,1.1043,0.931,0.1457,0.5779,0.8684,0.0956,0.0013,0.8262,89.76,6,false,false,OPTIMO
Ciudad_0650_funcional_estable,0.5726,1.0129,0.9268,0.2885,2.0245,0.6582,-0.0272,0.0119,0.7304,75.92,7,false,false,FUNCIONAL
Ciudad_0136_colapso_o_critica,0.812,0.2368,0.4744,0.9587,10.712,0.1605,-0.2487,0.2343,0.2105,23.0,10,true,true,CRITICO
Ciudad_0023_colapso_o_critica,0.9037,0.4116,0.658,0.9361,4.4508,0.3862,-0.301,0.2705,0.4182,34.06,4,false,true,CRITICO
Ciudad_0958_optima,0.2407,1.0965,1.1912,0.2978,3.6777,0.8468,-0.0057,-0.0366,0.9187,87.65,12,false,false,OPTIMO
Ciudad_1119_optima,0.4594,1.2432,1.0802,0.2121,1.9158,0.7832,0.0176,-0.0675,0.9,83.29,9,false,false,OPTIMO
Ciudad_1145_optima,0.3342,1.226,1.2195,0.243,2.424,0.7307,0.1021,-0.0065,0.8703,84.28,9,false,false,OPTIMO
Ciudad_0420_saturada_o_inestable,0.8526,0.7022,0.8148,0.5774,3.1939,0.445,-0.0028,0.1748,0.5884,52.04,5,false,true,INESTABLE
Ciudad_0922_optima,0.4394,0.9894,0.9136,0.1154,0.7971,0.7731,0.0154,0.0297,0.8731,82.95,6,false,false,OPTIMO
Ciudad_0964_optima,0.431,1.1661,0.941,0.112,0.9258,0.9366,0.0008,0.0063,0.8854,87.25,8,false,false,OPTIMO
Ciudad_0599_saturada_o_inestable,0.6089,0.8327,0.6273,0.5275,5.7489,0.4285,-0.0495,0.0887,0.5125,56.84,10,false,false,INESTABLE
Ciudad_1055_optima,0.4684,1.0399,1.2241,0.1966,2.6002,0.8356,0.084,0.0207,0.9377,84.4,13,false,false,OPTIMO
Ciudad_0971_optima,0.2116,1.3588,1.2345,0.105,1.1613,0.753,0.0694,-0.0491,0.8855,89.25,11,false,false,OPTIMO
Ciudad_0908_optima,0.3242,1.3856,1.1952,0.0908,0.4433,0.7936,0.0341,-0.0599,0.9328,88.03,5,false,false,OPTIMO
Ciudad_0538_saturada_o_inestable,0.6387,0.7862,0.8045,0.5824,6.992,0.52,-0.1591,0.2039,0.5895,53.73,10,false,true,INESTABLE
Ciudad_0090_colapso_o_critica,0.843,0.3001,0.5144,0.8541,7.65,0.1423,-0.2769,0.1495,0.223,25.96,8,true,true,CRITICO
Ciudad_0740_funcional_estable,0.4707,0.8164,1.0194,0.4214,3.1873,0.6724,-0.0216,0.0562,0.7509,73.12,7,false,false,FUNCIONAL
Ciudad_0119_colapso_o_critica,0.949,0.5845,0.5153,0.8564,7.6988,0.2485,-0.1501,0.3957,0.2968,33.06,7,true,true,CRITICO
Ciudad_0004_colapso_o_critica,0.8849,0.2848,0.437,0.8237,11.1298,0.1094,-0.243,0.3177,0.2284,22.99,11,true,true,CRITICO
Ciudad_0226_colapso_o_critica,0.7465,0.2717,0.4134,0.8085,11.605,0.2505,-0.1497,0.1939,0.2969,28.01,13,true,false,CRITICO
Ciudad_0845_funcional_estable,0.5156,1.0819,0.7596,0.4932,5.7272,0.5761,-0.0383,0.0514,0.5508,69.0,11,false,false,FUNCIONAL
Ciudad_0866_funcional_estable,0.4686,0.852,0.9477,0.2853,2.2003,0.6082,-0.0192,0.0819,0.7118,73.77,7,false,false,FUNCIONAL
Ciudad_0334_saturada_o_inestable,0.847,0.7672,0.8402,0.5603,3.9086,0.4995,-0.0669,0.2124,0.5915,55.63,6,false,true,INESTABLE
Ciudad_0361_saturada_o_inestable,0.6073,0.8441,0.8165,0.612,7.7479,0.447,-0.1306,0.1452,0.5944,53.65,11,false,true,INESTABLE
Ciudad_0780_funcional_estable,0.4843,0.9502,0.7591,0.3611,3.7331,0.6496,-0.0196,0.042,0.6835,71.83,10,false,false,FUNCIONAL
Ciudad_0924_optima,0.3646,1.0353,1.0048,0.0821,0.8283,0.8468,0.0202,0.0377,0.9078,88.41,10,false,false,OPTIMO
Ciudad_0698_funcional_estable,0.6684,0.8492,0.7996,0.2835,3.97,0.7447,-0.0122,0.0354,0.759,69.5,13,false,false,FUNCIONAL
Ciudad_0995_optima,0.1415,1.3956,0.9855,0.2987,3.2625,0.8708,0.0632,-0.0467,0.877,89.82,11,false,false,OPTIMO
Ciudad_0679_funcional_estable,0.4743,1.0223,0.8379,0.4805,2.5744,0.585,-0.0111,0.0235,0.6277,71.76,5,false,false,FUNCIONAL
Ciudad_0988_optima,0.4026,1.2227,1.025,0.1818,2.2377,0.8914,0.0851,0.028,0.9137,87.05,12,false,false,OPTIMO
Ciudad_0920_optima,0.1953,1.2353,0.939,0.1114,1.0365,0.8326,0.0525,-0.0277,0.9051,89.85,10,false,false,OPTIMO
Ciudad_0825_funcional_estable,0.4294,0.9785,0.9624,0.344,3.812,0.6355,-0.0296,0.078,0.7014,72.1,10,false,false,FUNCIONAL
Ciudad_0406_saturada_o_inestable,0.5864,0.8571,0.7112,0.562,6.1684,0.6249,-0.1295,0.2126,0.5555,58,9,false,true,INESTABLE
Ciudad_1100_optima,0.4372,1.1547,1.0706,0.1534,1.286,0.9535,0.0964,-0.0431,0.9784,88.02,8,false,false,OPTIMO
Ciudad_0885_funcional_estable,0.6511,0.8796,0.9093,0.4009,3.9222,0.7113,0.0461,-0.0151,0.7332,70.37,10,false,true,FUNCIONAL
Ciudad_0749_funcional_estable,0.4763,0.9735,1.0299,0.3269,2.9269,0.554,-0.0261,0.0749,0.7503,75.99,8,false,false,FUNCIONAL
Ciudad_0485_saturada_o_inestable,0.6558,0.7041,0.7012,0.5192,5.3804,0.5355,-0.1181,0.1697,0.5449,56.43,9,false,false,INESTABLE
Ciudad_0980_optima,0.3064,0.9701,1.1608,0.1238,1.1818,0.885,-0.0148,-0.0091,0.995,88.97,12,false,false,OPTIMO
Ciudad_0812_funcional_estable,0.5208,1.0455,1.0486,0.3877,1.6547,0.6923,0.0246,-0.0091,0.7599,74.83,4,false,false,FUNCIONAL
Ciudad_0255_colapso_o_critica,0.8343,0.2782,0.374,0.726,13.1176,0.2868,-0.3532,0.3868,0.3167,27.6,14,true,true,CRITICO
Ciudad_0758_funcional_estable,0.5413,1.0493,0.8983,0.3651,3.4021,0.6274,0.0422,0.0042,0.7428,74.21,9,false,false,FUNCIONAL
Ciudad_0514_saturada_o_inestable,0.6765,0.7202,0.8545,0.6645,5.4053,0.5891,-0.153,0.181,0.5565,49.97,7,false,false,INESTABLE
Ciudad_0024_colapso_o_critica,0.8884,0.2088,0.6026,0.8804,4.1399,0.2671,-0.3486,0.3249,0.3345,26.64,4,true,true,CRITICO
Ciudad_0079_colapso_o_critica,0.9809,0.5967,0.4455,0.987,13.2624,0.3647,-0.0973,0.4243,0.3096,31.7,11,true,true,CRITICO
Ciudad_0688_funcional_estable,0.607,1.1123,0.8808,0.5468,2.8812,0.7192,0.0466,0.0854,0.6949,71.66,5,false,false,FUNCIONAL
Ciudad_0847_funcional_estable,0.5839,1.0905,0.7692,0.4491,2.7983,0.5961,0.054,0.0319,0.6711,68.89,6,false,false,FUNCIONAL
Ciudad_0283_colapso_o_critica,0.8725,0.2614,0.3364,0.8182,7.1527,0.1245,-0.2409,0.3757,0.1747,21.03,7,false,true,CRITICO
Ciudad_0150_colapso_o_critica,0.8778,0.6037,0.6147,0.711,9.3664,0.33,-0.2527,0.2292,0.4038,35.16,11,true,true,CRITICO
Ciudad_0798_funcional_estable,0.4548,0.9353,1.0522,0.4682,6.0449,0.7309,-0.0212,0.0207,0.8045,69.21,13,false,true,FUNCIONAL
Ciudad_0189_colapso_o_critica,0.8751,0.3954,0.5675,0.685,10.2006,0.3636,-0.1364,0.4393,0.3908,35.73,11,true,true,CRITICO
Ciudad_0595_saturada_o_inestable,0.8227,0.5742,0.8258,0.7315,3.3043,0.5785,-0.1109,0.2024,0.5815,50.01,4,false,true,INESTABLE
Ciudad_1128_optima,0.218,1.3312,1.007,0.2125,2.101,0.7361,0.1146,0.0123,0.866,87.18,9,false,false,OPTIMO
Ciudad_0389_saturada_o_inestable,0.6532,0.5683,0.8262,0.7021,6.6021,0.592,-0.1237,0.0688,0.5893,53.97,9,false,false,INESTABLE
Ciudad_0156_colapso_o_critica,0.8697,0.2583,0.4533,0.6667,6.1144,0.2228,-0.2421,0.3883,0.3148,27.59,7,true,true,CRITICO
Ciudad_0645_funcional_estable,0.6149,0.7895,0.9075,0.3379,2.1593,0.7703,0.053,0.0513,0.813,70.93,6,false,true,FUNCIONAL
Ciudad_0914_optima,0.2135,1.1334,1.1735,0.3164,4.5668,0.8069,0.0638,0.0304,0.8644,87.12,14,false,false,OPTIMO
Ciudad_0833_funcional_estable,0.6477,1.0028,0.7606,0.4717,2.4328,0.7426,0.0268,0.0473,0.7027,70.04,5,false,false,FUNCIONAL
Ciudad_0467_saturada_o_inestable,0.5879,0.8869,0.8356,0.5567,5.9255,0.629,-0.0067,0.2071,0.6493,55.67,9,false,true,INESTABLE
Ciudad_0571_saturada_o_inestable,0.7301,0.6275,0.5512,0.6621,10.057,0.5851,-0.1179,0.1213,0.5247,48.88,14,false,false,INESTABLE
Ciudad_0602_funcional_estable,0.6528,0.8966,0.8171,0.5507,4.7933,0.714,0.0011,0.0602,0.6991,66.72,8,false,false,FUNCIONAL
Ciudad_1143_optima,0.2488,1.0731,1.2186,0.307,1.854,0.9205,0.0803,0.0053,0.9428,88.83,6,false,false,OPTIMO
Ciudad_1142_optima,0.1983,1.3535,1.1105,0.1534,0.6339,0.9106,-0.0067,-0.0194,0.9866,91.94,6,false,false,OPTIMO
Ciudad_0838_funcional_estable,0.612,0.9675,0.89,0.4218,5.5115,0.6228,0.0396,0.0592,0.697,70.88,12,false,false,FUNCIONAL
Ciudad_0606_funcional_estable,0.5621,0.847,0.8146,0.3618,4.2972,0.6734,-0.0397,0.0969,0.7064,69.27,10,false,true,FUNCIONAL
Ciudad_0695_funcional_estable,0.4375,0.7667,0.8532,0.4973,7.5386,0.7053,-0.0066,0.0555,0.7085,69.13,14,false,false,FUNCIONAL
Ciudad_0516_saturada_o_inestable,0.6652,0.7932,0.6892,0.5855,8.3735,0.5912,-0.0722,0.1352,0.6001,52.2,13,false,true,INESTABLE
Ciudad_0997_optima,0.439,1.136,1.1671,0.3002,2.6687,0.8354,0.0882,-0.0061,0.8897,83.42,9,false,false,OPTIMO
Ciudad_0067_colapso_o_critica,0.8661,0.3346,0.3685,0.9626,13.7884,0.4291,-0.3745,0.1679,0.3395,27.56,13,false,true,CRITICO
Ciudad_0930_optima,0.2616,1.0407,1.2696,0.1049,1.5672,0.9196,-0.0078,-0.0264,1,91.59,14,false,false,OPTIMO
Ciudad_0760_funcional_estable,0.6141,0.844,0.9437,0.5234,6.4862,0.7541,0.0047,0.0246,0.7373,69.92,12,false,false,FUNCIONAL
Ciudad_0381_saturada_o_inestable,0.6464,0.6218,0.553,0.5183,6.4841,0.3771,-0.0945,0.1049,0.445,48.45,11,false,true,INESTABLE
Ciudad_0950_optima,0.3613,1.3722,0.937,0.1836,1.4805,0.8702,0.0029,-0.0574,0.8501,86.16,9,false,false,OPTIMO
Ciudad_1127_optima,0.1195,1.1608,0.9725,0.1005,1.2127,0.9487,-0.0015,0.0332,0.9192,94.53,10,false,false,OPTIMO
Ciudad_1005_optima,0.4767,1.3687,1.2669,0.0495,0.4179,0.9207,0.1065,-0.044,1,88.14,6,false,false,OPTIMO
Ciudad_1006_optima,0.4157,1.2362,0.9139,0.3364,2.4386,0.8225,-0.0049,-0.0668,0.8075,81.37,7,false,false,OPTIMO
Ciudad_0892_funcional_estable,0.5797,0.9143,0.7956,0.5242,7.4241,0.6125,0.0462,-0.0061,0.6284,66.56,14,false,false,FUNCIONAL
Ciudad_0640_funcional_estable,0.501,0.8936,0.9915,0.2579,3.0228,0.6258,0.007,0.01,0.7634,75.8,11,false,false,FUNCIONAL
Ciudad_0008_colapso_o_critica,0.7881,0.4425,0.4224,0.7159,8.5388,0.1116,-0.2032,0.274,0.2413,30.24,10,true,true,CRITICO
Ciudad_1094_optima,0.4027,1.4443,1.1192,0.2684,1.2213,0.8434,-0.0199,-0.0642,0.9444,84.79,5,false,false,OPTIMO
Ciudad_0559_saturada_o_inestable,0.6192,0.6156,0.887,0.5406,4.8064,0.4561,-0.0013,0.1243,0.6101,56.76,8,false,true,INESTABLE
Ciudad_0196_colapso_o_critica,0.8145,0.2889,0.5775,0.9971,5.4715,0.0884,-0.1354,0.1768,0.1869,24.29,5,false,true,CRITICO
Ciudad_0131_colapso_o_critica,0.7405,0.2805,0.6497,0.8813,9.6505,0.4164,-0.2485,0.3486,0.4431,35.3,9,false,true,CRITICO
Ciudad_0473_saturada_o_inestable,0.6484,0.7539,0.7882,0.7131,5.2287,0.6216,-0.0367,0.0635,0.5936,48.67,7,false,false,INESTABLE
Ciudad_0251_colapso_o_critica,0.8933,0.4881,0.3709,0.9588,12.8848,0.4477,-0.3303,0.1968,0.2999,31.33,12,false,true,CRITICO
Ciudad_0457_saturada_o_inestable,0.8009,0.713,0.683,0.7065,4.8778,0.461,-0.1108,0.2094,0.4921,49.09,6,false,true,INESTABLE
Ciudad_0944_optima,0.3626,1.0628,1.0392,0.1387,0.5605,0.7555,0.1065,-0.0549,0.8617,85.78,4,false,false,OPTIMO
Ciudad_0225_colapso_o_critica,0.9694,0.2413,0.2353,0.8733,5.5243,0.0875,-0.3103,0.3838,0.177,15.0,5,true,true,CRITICO
Ciudad_0275_colapso_o_critica,0.8062,0.2265,0.4747,0.8908,11.1093,0.3771,-0.3419,0.4093,0.3695,28.21,10,false,true,CRITICO
Ciudad_0138_colapso_o_critica,0.9097,0.559,0.6389,0.7263,9.6433,0.3392,-0.0912,0.1515,0.3604,27.01,12,true,true,CRITICO
Ciudad_0454_saturada_o_inestable,0.7088,0.8305,0.6043,0.7343,4.9738,0.6357,-0.0096,0.1525,0.5294,55.37,6,false,false,INESTABLE
Ciudad_0382_saturada_o_inestable,0.8001,0.7912,0.7378,0.7404,5.6474,0.4204,-0.0319,0.1441,0.4511,50.84,7,false,true,INESTABLE
Ciudad_0855_funcional_estable,0.4529,0.8309,0.7758,0.3122,2.5598,0.5632,-0.0327,0.0024,0.6833,68.81,8,false,false,FUNCIONAL
Ciudad_0505_saturada_o_inestable,0.6457,0.8187,0.8826,0.6459,7.6757,0.43,-0.0773,0.0934,0.5344,47.69,11,false,true,INESTABLE
Ciudad_0183_colapso_o_critica,0.966,0.2347,0.4783,0.7728,5.1349,0.3247,-0.0932,0.2188,0.3178,26.01,6,false,true,CRITICO
Ciudad_0020_colapso_o_critica,0.8682,0.1692,0.4982,0.7982,8.0199,0.1759,-0.099,0.1728,0.2943,23.37,9,false,true,CRITICO
Ciudad_0807_funcional_estable,0.6154,0.881,0.8444,0.4416,6.2889,0.6592,0.0391,0.0305,0.6604,68.17,14,false,false,FUNCIONAL
Ciudad_0966_optima,0.4632,1.3722,1.1945,0.24,0.8745,0.8647,0.0815,-0.049,0.9111,84.43,5,false,false,OPTIMO
Ciudad_1000_optima,0.1991,1.0419,1.2365,0.0233,0.4029,0.8384,0.0691,0.0058,0.9821,92.44,14,false,false,OPTIMO
Ciudad_0005_colapso_o_critica,0.8861,0.6089,0.7429,0.8914,3.9772,0.1679,-0.2349,0.1951,0.3489,37.34,4,false,true,CRITICO
Ciudad_1163_optima,0.3124,1.3462,0.938,0.06,0.3382,0.8926,0.0568,-0.0219,0.9366,89.46,7,false,false,OPTIMO
Ciudad_0525_saturada_o_inestable,0.7304,0.8056,0.5791,0.7744,5.2685,0.4073,-0.0734,0.1847,0.4174,48.64,6,false,false,INESTABLE
Ciudad_0325_saturada_o_inestable,0.6112,0.7816,0.6037,0.7487,9.6251,0.6303,-0.1562,0.0866,0.5587,55.77,12,false,true,INESTABLE
Ciudad_0879_funcional_estable,0.4565,0.8904,0.8852,0.5045,4.6863,0.6249,-0.0294,0.0223,0.6932,70.76,9,false,false,FUNCIONAL
Ciudad_0768_funcional_estable,0.5813,0.9226,1.0646,0.3237,2.3556,0.749,0.001,0.0721,0.8472,71.97,7,false,false,FUNCIONAL
Ciudad_0439_saturada_o_inestable,0.7609,0.7222,0.5248,0.4682,2.8617,0.4135,-0.0665,0.1489,0.4612,49.58,5,false,true,INESTABLE
Ciudad_0524_saturada_o_inestable,0.5968,0.6478,0.8164,0.7151,8.5712,0.5551,-0.1335,0.0908,0.5827,55.96,11,false,true,INESTABLE
Ciudad_0384_saturada_o_inestable,0.8474,0.8493,0.7749,0.748,4.1838,0.6191,-0.1468,0.1295,0.6215,55.94,5,false,true,INESTABLE
Ciudad_0823_funcional_estable,0.6602,1.0555,0.9547,0.5444,5.812,0.7334,0.0418,0.049,0.7131,72.39,10,false,false,FUNCIONAL
Ciudad_0877_funcional_estable,0.5379,0.7938,0.8845,0.3106,1.3907,0.7243,-0.027,0.0942,0.7411,71.6,4,false,false,FUNCIONAL
Ciudad_1106_optima,0.465,1.3512,1.243,0.2245,2.9481,0.9005,0.048,0.0307,0.9564,85.34,12,false,false,OPTIMO
Ciudad_0957_optima,0.2123,1.3135,1.2804,0.1388,0.8299,0.9431,0.1089,0.0347,1,92.53,5,false,false,OPTIMO
Ciudad_0776_funcional_estable,0.4461,1.079,0.8044,0.4447,5.3644,0.7883,-0.0278,-0.002,0.677,73.3,12,false,false,FUNCIONAL
Ciudad_0487_saturada_o_inestable,0.7637,0.5869,0.5874,0.573,2.7232,0.5344,-0.0619,0.1688,0.5658,48.24,4,false,false,INESTABLE
Ciudad_0869_funcional_estable,0.6168,0.9815,0.7991,0.2846,1.2005,0.6011,-0.0137,0.0094,0.6697,70.94,4,false,false,FUNCIONAL
Ciudad_0426_saturada_o_inestable,0.6543,0.6395,0.7101,0.5822,8.745,0.6383,-0.0346,0.1702,0.6136,56.14,13,false,false,INESTABLE
Ciudad_0398_saturada_o_inestable,0.7785,0.6838,0.7833,0.604,8.4897,0.5469,-0.0659,0.2117,0.5883,54.07,12,false,false,INESTABLE
Ciudad_0252_colapso_o_critica,0.9174,0.5314,0.4706,0.7671,8.298,0.1342,-0.3035,0.294,0.2467,30.53,9,true,true,CRITICO
Ciudad_0616_funcional_estable,0.6826,0.9433,0.8531,0.4366,6.0401,0.668,-0.0312,-0.002,0.7174,68.8,14,false,false,FUNCIONAL
Ciudad_0498_saturada_o_inestable,0.846,0.8095,0.7439,0.5937,4.5293,0.3732,-0.0186,0.0902,0.5322,51.75,7,false,true,INESTABLE
Ciudad_0818_funcional_estable,0.5736,1.0491,0.9364,0.3946,4.3119,0.7746,-0.0535,0.0695,0.7827,70.32,10,false,false,FUNCIONAL
Ciudad_0954_optima,0.3645,1.0463,0.8921,0.2987,3.0708,0.9013,0.0354,0.0062,0.8524,84.1,10,false,false,OPTIMO
Ciudad_0565_saturada_o_inestable,0.7781,0.859,0.8402,0.4887,4.5537,0.443,-0.1208,0.1506,0.5897,53.61,8,false,true,INESTABLE
Ciudad_0204_colapso_o_critica,0.7833,0.3848,0.586,0.72,12.6545,0.3491,-0.2686,0.349,0.4032,36.86,14,true,true,CRITICO
Ciudad_0130_colapso_o_critica,0.8242,0.4434,0.4884,0.9104,8.0167,0.0938,-0.1488,0.1554,0.2311,27.59,8,true,true,CRITICO
Ciudad_0484_saturada_o_inestable,0.6048,0.773,0.879,0.5507,6.789,0.4264,-0.0832,0.0971,0.5791,52.25,11,false,true,INESTABLE
Ciudad_0751_funcional_estable,0.6868,0.9275,0.7688,0.4016,5.817,0.6185,0.0447,0.0471,0.6492,66.18,13,false,false,FUNCIONAL
Ciudad_0984_optima,0.3386,1.1909,1.1247,0.2818,4.4352,0.7972,0.0219,0.0347,0.8696,84.95,14,false,false,OPTIMO
Ciudad_0182_colapso_o_critica,0.7633,0.402,0.4426,0.7991,6.7534,0.2655,-0.2386,0.2803,0.2983,31.96,7,true,true,CRITICO
Ciudad_0040_colapso_o_critica,0.907,0.3352,0.3473,1.0,6.1312,0.2554,-0.1864,0.4257,0.2427,22.29,5,false,true,CRITICO
Ciudad_0970_optima,0.464,1.0961,1.1704,0.1494,1.649,0.8055,0.0098,0.0273,0.906,84.59,12,false,false,OPTIMO
Ciudad_1080_optima,0.2895,1.1811,1.1493,0.1527,2.1574,0.7302,0.06,0.0264,0.8321,86.52,13,false,false,OPTIMO
Ciudad_0506_saturada_o_inestable,0.7385,0.7947,0.8079,0.4294,5.1597,0.4312,-0.1346,0.0836,0.5682,52.04,11,false,false,INESTABLE
Ciudad_0794_funcional_estable,0.6678,0.8571,0.8747,0.3971,5.7272,0.5968,-0.0227,0.0513,0.6719,66.55,13,false,true,FUNCIONAL
Ciudad_0276_colapso_o_critica,0.9028,0.2934,0.681,1.0,8.833,0.4476,-0.1151,0.4272,0.4477,31.85,7,true,true,CRITICO
Ciudad_0160_colapso_o_critica,0.9096,0.2986,0.3625,0.8561,14.3775,0.3733,-0.2751,0.3169,0.2874,26.15,14,true,true,CRITICO
Ciudad_0239_colapso_o_critica,0.7694,0.4376,0.5181,0.868,14.883,0.4177,-0.1277,0.3604,0.3632,36.25,14,false,true,CRITICO
Ciudad_0108_colapso_o_critica,0.7765,0.608,0.2254,0.9179,5.6316,0.3705,-0.1599,0.3362,0.3025,32.82,5,true,false,CRITICO
Ciudad_0504_saturada_o_inestable,0.5892,0.837,0.5782,0.4899,6.9,0.5559,-0.1056,0.1173,0.5696,56.92,12,false,true,INESTABLE
Ciudad_0893_funcional_estable,0.4463,1.0669,0.8915,0.3095,3.2865,0.6653,0.0551,0.0365,0.7499,68.16,10,false,false,FUNCIONAL
Ciudad_1064_optima,0.2238,1.0134,1.2001,0.2943,2.3319,0.8647,0.0787,0.0234,0.9417,88.4,7,false,false,OPTIMO
Ciudad_1018_optima,0.4135,1.0417,0.9872,0.1102,0.7398,0.8293,0.1041,-0.0517,0.9177,86.41,8,false,false,OPTIMO
Ciudad_0569_saturada_o_inestable,0.7144,0.7945,0.6735,0.7402,6.4295,0.456,-0.1043,0.1397,0.4897,52.06,8,false,true,INESTABLE
Ciudad_0142_colapso_o_critica,0.8237,0.242,0.5598,0.8607,4.2948,0.1486,-0.3727,0.4107,0.2915,25.83,4,true,true,CRITICO
Ciudad_0588_saturada_o_inestable,0.8361,0.6227,0.6238,0.6185,4.6918,0.4484,-0.1102,0.1089,0.5153,46.01,7,false,true,INESTABLE
Ciudad_0390_saturada_o_inestable,0.6651,0.5657,0.75,0.6527,10.1687,0.6157,-0.1614,0.1387,0.5972,53.36,14,false,false,INESTABLE
Ciudad_0211_colapso_o_critica,0.9388,0.5173,0.5054,0.7184,9.0264,0.1793,-0.3047,0.2104,0.2931,32.07,11,false,true,CRITICO
Ciudad_0939_optima,0.3737,1.3185,0.978,0.297,2.3284,0.8512,0.1134,-0.0292,0.8743,84.66,8,false,false,OPTIMO
Ciudad_0452_saturada_o_inestable,0.7978,0.82,0.5528,0.6831,7.92,0.5257,0.0018,0.0546,0.4628,50.87,11,false,true,INESTABLE
Ciudad_0589_saturada_o_inestable,0.7136,0.809,0.672,0.5796,9.3291,0.5029,-0.0115,0.1457,0.5514,55.76,14,false,true,INESTABLE
Ciudad_0471_saturada_o_inestable,0.7164,0.7628,0.771,0.5531,2.9982,0.597,-0.0777,0.1196,0.6348,53.84,5,false,true,INESTABLE
Ciudad_0724_funcional_estable,0.5605,0.9891,0.8608,0.4989,5.4249,0.6842,-0.0351,0.0691,0.6604,71.94,10,false,false,FUNCIONAL
Ciudad_0357_saturada_o_inestable,0.6905,0.8798,0.7484,0.4821,3.5598,0.3827,-0.1018,0.1282,0.5221,54.37,6,false,true,INESTABLE
Ciudad_0312_saturada_o_inestable,0.7818,0.8303,0.6972,0.6358,9.0114,0.4402,-0.016,0.1004,0.5068,53.33,13,false,true,INESTABLE
Ciudad_0693_funcional_estable,0.6623,0.8752,0.9668,0.5653,4.2295,0.6268,0.0181,0.0057,0.6987,67.03,8,false,false,FUNCIONAL
Ciudad_0550_saturada_o_inestable,0.755,0.9026,0.6346,0.6944,7.9866,0.4864,-0.111,0.1922,0.4952,54.47,10,false,false,INESTABLE
Ciudad_0804_funcional_estable,0.5939,0.952,0.9575,0.4134,3.1248,0.5916,0.017,0.0366,0.6899,71.7,7,false,false,FUNCIONAL
Ciudad_0091_colapso_o_critica,0.9325,0.4829,0.4754,0.7992,11.0872,0.1799,-0.3087,0.3785,0.2769,29.54,11,false,true,CRITICO
Ciudad_0494_saturada_o_inestable,0.8377,0.8523,0.6093,0.5659,9.1502,0.4409,-0.0912,0.1243,0.546,52.07,14,false,true,INESTABLE
Ciudad_0271_colapso_o_critica,0.7925,0.3106,0.4588,0.6933,11.138,0.4312,-0.2773,0.1949,0.4392,34.31,14,true,true,CRITICO
Ciudad_1063_optima,0.131,1.0113,1.1584,0.0919,0.59,0.7849,0.115,0.0145,0.9515,91.7,6,false,false,OPTIMO
Ciudad_0353_saturada_o_inestable,0.8594,0.7996,0.8507,0.6935,8.1402,0.6182,-0.0762,0.0908,0.6104,56.78,11,false,true,INESTABLE
Ciudad_0135_colapso_o_critica,0.821,0.501,0.5288,0.8732,9.5731,0.4285,-0.2991,0.3342,0.3774,37.15,9,false,true,CRITICO
Ciudad_0343_saturada_o_inestable,0.7362,0.8801,0.7805,0.7104,9.2482,0.4933,-0.0074,0.0709,0.5449,57.1,12,false,true,INESTABLE
Ciudad_0290_colapso_o_critica,0.8389,0.3402,0.5515,0.7089,6.532,0.1758,-0.293,0.1635,0.2924,30.64,8,true,true,CRITICO
Ciudad_0203_colapso_o_critica,0.7524,0.3327,0.6735,0.966,6.6029,0.2414,-0.3683,0.2274,0.2871,32.08,6,false,false,CRITICO
Ciudad_0755_funcional_estable,0.4915,0.9286,0.9322,0.4696,5.0376,0.5673,0.0316,0.0417,0.6693,71.33,10,false,false,FUNCIONAL
Ciudad_0766_funcional_estable,0.6211,0.7718,0.8203,0.4339,2.7213,0.7532,0.0109,0.0625,0.7414,66.83,6,false,false,FUNCIONAL
Ciudad_0773_funcional_estable,0.6211,0.9636,0.7816,0.5711,6.952,0.7256,0.0123,0.0167,0.6442,68.25,12,false,false,FUNCIONAL
Ciudad_0886_funcional_estable,0.6468,0.9875,0.9799,0.29,3.941,0.6127,-0.032,0.0313,0.7133,74.25,13,false,false,FUNCIONAL
Ciudad_0349_saturada_o_inestable,0.8711,0.8243,0.6578,0.5554,8.6685,0.6152,-0.0482,0.1988,0.6173,55.32,13,false,true,INESTABLE
Ciudad_0281_colapso_o_critica,0.803,0.1819,0.7183,0.7586,3.8326,0.0904,-0.1695,0.3896,0.3035,28.28,4,true,true,CRITICO
Ciudad_0757_funcional_estable,0.5182,0.956,0.9952,0.4293,3.6904,0.6201,0.0,0.0414,0.7734,74.4,8,false,true,FUNCIONAL
Ciudad_0618_funcional_estable,0.511,0.8548,0.7922,0.4013,3.9588,0.5651,-0.023,0.0214,0.601,67.28,9,false,true,FUNCIONAL
Ciudad_0164_colapso_o_critica,0.8793,0.2116,0.4081,0.8017,11.4815,0.2552,-0.1199,0.417,0.3062,23.94,11,true,true,CRITICO
Ciudad_0963_optima,0.3941,1.032,0.9915,0.1191,1.4642,0.9761,0.0312,0.0126,0.954,89.68,12,false,false,OPTIMO
Ciudad_1089_optima,0.1389,1.4188,1.0894,0.2175,2.1658,0.8902,0.1161,-0.0146,0.9707,91.76,10,false,false,OPTIMO
Ciudad_0387_saturada_o_inestable,0.7244,0.6209,0.6912,0.5647,9.3754,0.5421,-0.0367,0.1844,0.5178,52.23,14,false,true,INESTABLE
Ciudad_0862_funcional_estable,0.5616,0.9476,0.9914,0.5472,4.7925,0.5964,0.0237,0.0855,0.6644,71.01,8,false,false,FUNCIONAL
Ciudad_1024_optima,0.4587,1.1055,1.1989,0.1789,1.6554,0.8853,0.0994,-0.0289,0.9741,85.85,9,false,false,OPTIMO
Ciudad_0644_funcional_estable,0.5815,0.9203,0.936,0.2536,3.0509,0.6103,0.0281,0.0757,0.7607,73.5,10,false,false,FUNCIONAL
Ciudad_0938_optima,0.3602,1.1115,1.2509,0.1754,1.0336,0.7254,0.0914,0.0044,0.885,84.67,7,false,false,OPTIMO
Ciudad_0717_funcional_estable,0.5058,1.0202,0.7996,0.3889,2.7278,0.5682,-0.0035,-0.0149,0.6337,71.41,7,false,false,FUNCIONAL
Ciudad_0026_colapso_o_critica,0.7896,0.2366,0.3324,0.9507,6.2863,0.4065,-0.1801,0.1775,0.2975,25.64,6,false,true,CRITICO
Ciudad_0059_colapso_o_critica,0.8433,0.309,0.4801,0.8521,8.959,0.3182,-0.3367,0.2748,0.3118,29.04,9,true,true,CRITICO
Ciudad_0891_funcional_estable,0.4206,1.0443,0.9988,0.3605,2.1274,0.6036,0.0359,0.001,0.7412,73.9,6,false,false,FUNCIONAL
Ciudad_0956_optima,0.1317,1.0874,0.953,0.2614,2.4755,0.7714,0.0397,-0.0458,0.7731,87.93,9,false,false,OPTIMO
Ciudad_0864_funcional_estable,0.4178,0.9917,0.8094,0.4425,2.6104,0.6612,-0.038,0.0444,0.6781,74.21,5,false,false,FUNCIONAL
Ciudad_0706_funcional_estable,0.4596,1.0351,0.8859,0.3206,4.5846,0.6428,-0.0593,-0.0117,0.6822,72.61,14,false,false,FUNCIONAL
Ciudad_0431_saturada_o_inestable,0.7921,0.8395,0.7569,0.6072,5.7,0.6183,-0.0261,0.1269,0.6017,47.74,8,false,true,INESTABLE
Ciudad_0009_colapso_o_critica,0.9364,0.1783,0.5067,0.9824,11.2194,0.2807,-0.3388,0.295,0.3038,21.74,10,true,true,CRITICO
Ciudad_0100_colapso_o_critica,0.8371,0.4252,0.6884,0.721,13.1868,0.3338,-0.262,0.4143,0.422,30.44,14,true,true,CRITICO
Ciudad_0168_colapso_o_critica,0.7075,0.4624,0.3744,0.7672,9.3657,0.3132,-0.2052,0.1485,0.2863,34.65,11,true,false,CRITICO
Ciudad_0184_colapso_o_critica,0.753,0.3292,0.4894,0.7375,8.6114,0.1584,-0.1716,0.2004,0.3127,30.06,10,true,true,CRITICO
Ciudad_0578_saturada_o_inestable,0.8546,0.6461,0.6214,0.6649,5.8967,0.5284,-0.1402,0.1076,0.5197,47.08,8,false,true,INESTABLE
Ciudad_0174_colapso_o_critica,0.8039,0.2204,0.6758,0.861,5.6521,0.1763,-0.1614,0.1871,0.2725,28.56,6,true,true,CRITICO
Ciudad_0181_colapso_o_critica,0.9166,0.5152,0.6834,0.7164,12.9856,0.2944,-0.3377,0.3928,0.4536,32.38,14,true,true,CRITICO
Ciudad_0480_saturada_o_inestable,0.6059,0.6427,0.8331,0.6389,7.432,0.3781,-0.0296,0.1864,0.5239,53.59,10,false,false,INESTABLE
Ciudad_0109_colapso_o_critica,0.929,0.53,0.6036,0.7948,3.7247,0.3882,-0.3223,0.1622,0.4132,37.58,4,true,true,CRITICO
Ciudad_0185_colapso_o_critica,0.952,0.51,0.3084,0.6758,3.1091,0.122,-0.2385,0.1642,0.2197,27.18,4,false,true,CRITICO
Ciudad_0715_funcional_estable,0.3892,0.8262,0.9221,0.3144,1.5405,0.6932,-0.0031,-0.0064,0.7503,75.46,5,false,false,FUNCIONAL
Ciudad_0399_saturada_o_inestable,0.7975,0.8554,0.5767,0.6376,2.8546,0.4047,-0.0741,0.1184,0.4897,50.5,4,false,true,INESTABLE
Ciudad_0177_colapso_o_critica,0.957,0.6188,0.7225,0.7387,8.0559,0.3183,-0.2452,0.3586,0.4448,32.07,9,true,true,CRITICO
Ciudad_0889_funcional_estable,0.4243,1.039,1.038,0.3555,3.2403,0.7763,-0.0474,0.0099,0.8135,73.02,9,false,true,FUNCIONAL
Ciudad_1132_optima,0.317,1.0639,0.9591,0.2052,1.1678,0.8075,0.104,0.0135,0.8527,85.91,5,false,false,OPTIMO
Ciudad_0410_saturada_o_inestable,0.7078,0.687,0.8248,0.4992,5.8017,0.4896,-0.0401,0.0619,0.5947,56.82,11,false,true,INESTABLE
Ciudad_0470_saturada_o_inestable,0.6864,0.646,0.758,0.8055,7.4227,0.5474,-0.1167,0.2021,0.5247,51.45,8,false,false,INESTABLE
Ciudad_0912_optima,0.4396,1.3087,1.1826,0.052,0.6902,0.833,0.0719,0.0094,0.9591,87.09,13,false,false,OPTIMO
Ciudad_0402_saturada_o_inestable,0.7906,0.7586,0.5033,0.5106,7.3087,0.4806,-0.0658,0.2026,0.5048,50.17,12,false,true,INESTABLE
Ciudad_1103_optima,0.4374,1.3331,1.1789,0.1879,0.9995,0.8924,0.0316,0.0171,0.9202,86.28,5,false,false,OPTIMO
Ciudad_0653_funcional_estable,0.4098,0.9341,0.954,0.4197,6.0869,0.7525,-0.008,0.0342,0.7836,70.84,14,false,false,FUNCIONAL
Ciudad_0858_funcional_estable,0.5418,1.0678,1.0368,0.5117,6.198,0.652,0.0255,-0.0116,0.7782,74.53,12,false,false,FUNCIONAL
Ciudad_0657_funcional_estable,0.4148,0.8689,1.0539,0.3884,4.674,0.6255,0.0257,0.0253,0.7649,75.11,11,false,false,FUNCIONAL
Ciudad_0691_funcional_estable,0.5702,1.047,0.8553,0.4158,1.5874,0.5671,-0.045,0.0447,0.644,70.81,4,false,false,FUNCIONAL
Ciudad_1056_optima,0.4895,1.0916,1.0608,0.1886,2.1997,0.9226,0.1082,-0.0609,0.9157,85.84,11,false,false,OPTIMO
Ciudad_0872_funcional_estable,0.5508,0.9777,0.9828,0.5178,2.6961,0.6005,0.0557,0.0547,0.6631,72.33,5,false,false,FUNCIONAL
Ciudad_0628_funcional_estable,0.3585,0.997,0.9355,0.5085,5.1172,0.7208,0.0062,-0.0166,0.7431,76,10,false,false,FUNCIONAL
Ciudad_0747_funcional_estable,0.5357,0.9492,0.8729,0.5003,3.8674,0.7487,0.0113,0.0936,0.7051,72.94,7,false,false,FUNCIONAL
Ciudad_0099_colapso_o_critica,0.8444,0.2192,0.5066,0.8863,15.2455,0.2944,-0.174,0.367,0.3149,26.32,14,true,true,CRITICO
Ciudad_1058_optima,0.4645,1.2669,1.0294,0.3226,4.8091,0.8052,0.0116,0.0145,0.8472,81.98,14,false,false,OPTIMO
Ciudad_0969_optima,0.2223,1.106,1.2255,0.0899,0.6111,0.8012,0.0471,0.0399,0.9468,90.23,6,false,false,OPTIMO
Ciudad_0865_funcional_estable,0.6357,0.9087,0.8604,0.4815,2.9455,0.6453,0.0303,-0.0029,0.7051,67.9,6,false,true,FUNCIONAL
Ciudad_0262_colapso_o_critica,0.8872,0.541,0.5044,0.9502,14.681,0.1079,-0.119,0.1657,0.2129,28.77,14,true,true,CRITICO
Ciudad_0713_funcional_estable,0.448,1.1001,0.9743,0.3656,4.0485,0.5764,0.0205,0.0031,0.729,72.25,11,false,false,FUNCIONAL
Ciudad_1023_optima,0.2842,1.113,0.9596,0.0914,0.8669,0.7348,0.0371,0.0176,0.8814,86.83,7,false,false,OPTIMO
Ciudad_0137_colapso_o_critica,0.7421,0.5969,0.4264,0.7669,4.3982,0.1537,-0.0966,0.1703,0.2548,35.18,5,true,true,CRITICO
Ciudad_1019_optima,0.153,1.1176,1.1917,0.1345,1.7034,0.9266,0.0928,0.0047,0.978,93.45,11,false,false,OPTIMO
Ciudad_0371_saturada_o_inestable,0.8485,0.7917,0.7242,0.6186,8.6989,0.4829,-0.0781,0.1882,0.5111,52.68,12,false,true,INESTABLE
Ciudad_0656_funcional_estable,0.5789,0.9782,0.9545,0.4875,5.421,0.7892,0.0476,0.0901,0.7647,75.44,10,false,false,FUNCIONAL
Ciudad_1071_optima,0.2487,1.1909,0.9172,0.2496,2.2105,0.9202,0.0264,0.0338,0.9136,88.03,8,false,false,OPTIMO
Ciudad_0859_funcional_estable,0.4809,0.8215,0.9218,0.3074,1.5733,0.7429,0.0391,0.014,0.7904,74.6,5,false,false,FUNCIONAL
Ciudad_0541_saturada_o_inestable,0.8598,0.7087,0.7958,0.6865,9.8939,0.6116,-0.1786,0.1343,0.6366,53.37,13,false,true,INESTABLE
Ciudad_0098_colapso_o_critica,0.8473,0.3361,0.6415,0.7981,4.9367,0.3489,-0.1814,0.374,0.4271,34.29,5,false,true,CRITICO
Ciudad_0236_colapso_o_critica,0.9082,0.1949,0.63,0.7456,10.1199,0.121,-0.0861,0.2821,0.3482,25.54,11,true,true,CRITICO
Ciudad_0619_funcional_estable,0.4579,0.8197,0.8272,0.3807,2.3236,0.7059,0.0201,0.0994,0.7362,71.29,5,false,true,FUNCIONAL
Ciudad_0077_colapso_o_critica,0.9343,0.6026,0.4425,0.745,11.9807,0.4259,-0.3439,0.311,0.3539,37.57,13,true,true,CRITICO
Ciudad_0187_colapso_o_critica,0.9797,0.4877,0.6661,0.903,14.2906,0.0808,-0.2182,0.2183,0.2562,28.99,14,false,true,CRITICO
Ciudad_0092_colapso_o_critica,0.7198,0.4214,0.4362,0.8138,8.4264,0.1276,-0.3248,0.2268,0.2568,30.21,9,false,true,CRITICO
Ciudad_1011_optima,0.379,1.325,1.2094,0.3254,1.4444,0.9308,0.0895,0.0268,0.98,86.15,4,false,false,OPTIMO
Ciudad_0860_funcional_estable,0.4824,1.0919,0.8299,0.406,3.4164,0.6779,0.0571,0.0652,0.7052,74.42,8,false,false,FUNCIONAL
Ciudad_0985_optima,0.1516,1.4026,1.0886,0.17,0.9803,0.8432,-0.0036,0.0159,0.9304,91.28,5,false,false,OPTIMO
Ciudad_0738_funcional_estable,0.5395,0.8452,0.8182,0.3477,5.1881,0.6347,-0.0341,0.0362,0.675,69.18,14,false,false,FUNCIONAL
Ciudad_0429_saturada_o_inestable,0.7612,0.6246,0.8763,0.4631,5.993,0.5889,-0.1158,0.1645,0.6619,57.75,11,false,true,INESTABLE
Ciudad_0115_colapso_o_critica,0.8885,0.269,0.6099,0.8548,12.1247,0.1719,-0.1104,0.2871,0.329,26.77,12,true,true,CRITICO
Ciudad_1017_optima,0.3952,1.3344,1.2078,0.2408,1.9291,0.8852,0.1048,-0.0591,0.9516,86.19,8,false,false,OPTIMO
Ciudad_0350_saturada_o_inestable,0.6657,0.7954,0.8551,0.6592,6.2297,0.4283,-0.0608,0.0543,0.5265,57.35,9,false,false,INESTABLE
Ciudad_0509_saturada_o_inestable,0.7174,0.5896,0.7565,0.7605,3.2439,0.5375,-0.132,0.1143,0.5296,49.86,4,false,false,INESTABLE
Ciudad_0848_funcional_estable,0.5348,0.9218,0.8611,0.4487,2.8368,0.59,-0.0286,0.071,0.7161,69.64,6,false,true,FUNCIONAL
Ciudad_0756_funcional_estable,0.4587,0.8514,0.7732,0.4052,3.7409,0.6807,-0.0011,0.0218,0.6771,70.11,9,false,false,FUNCIONAL
Ciudad_0102_colapso_o_critica,0.8263,0.5518,0.2984,0.8883,5.0871,0.4068,-0.151,0.2267,0.2934,33.05,5,true,true,CRITICO
Ciudad_0690_funcional_estable,0.508,0.8859,0.8259,0.5575,6.3555,0.6559,0.0135,0.0574,0.6144,68.26,11,false,false,FUNCIONAL
Ciudad_0727_funcional_estable,0.4611,1.005,0.8038,0.366,4.4809,0.6764,-0.0025,0.0994,0.7008,74.89,11,false,false,FUNCIONAL
Ciudad_1001_optima,0.2854,1.3263,1.1784,0.2919,1.8536,0.8325,0.0452,0.0322,0.8544,86.56,6,false,false,OPTIMO
Ciudad_0853_funcional_estable,0.6511,1.0701,0.901,0.3647,4.3825,0.7413,0.0466,0.09,0.7201,74.35,11,false,false,FUNCIONAL
Ciudad_1166_optima,0.4219,1.2801,1.0981,0.1167,0.9189,0.7587,0.1074,-0.0063,0.9,84.99,10,false,false,OPTIMO
Ciudad_0806_funcional_estable,0.5491,0.8381,0.9666,0.3933,4.7905,0.7283,-0.013,-0.0097,0.8032,72.97,12,false,false,FUNCIONAL
Ciudad_0372_saturada_o_inestable,0.6385,0.7115,0.7162,0.4947,3.1532,0.5392,-0.1431,0.1845,0.5761,57.7,5,false,false,INESTABLE
Ciudad_1095_optima,0.3666,1.4516,1.1073,0.1414,1.7087,0.8992,-0.0068,0.0252,0.9354,88.53,11,false,false,OPTIMO
Ciudad_0705_funcional_estable,0.4484,0.9533,0.8943,0.4333,5.1237,0.5719,-0.0543,0.0394,0.6744,72.69,11,false,false,FUNCIONAL
Ciudad_0943_optima,0.1508,0.9985,0.9854,0.1024,1.2441,0.7479,0.0775,0.0154,0.8822,90.07,9,false,false,OPTIMO
Ciudad_0931_optima,0.2615,0.9811,1.0972,0.2113,2.8981,0.8245,0.0408,-0.0614,0.9121,87.62,14,false,false,OPTIMO
Ciudad_0832_funcional_estable,0.5463,1.0576,0.9404,0.3315,2.3577,0.7324,-0.0072,0.0584,0.7797,71.33,6,false,false,FUNCIONAL
Ciudad_0634_funcional_estable,0.5705,0.9112,0.8169,0.3886,1.7834,0.5962,0.0081,0.0211,0.6747,68.8,4,false,false,FUNCIONAL
Ciudad_0617_funcional_estable,0.4125,0.8373,0.848,0.4339,1.9858,0.5905,-0.0328,-0.013,0.6537,69.94,5,false,false,FUNCIONAL
Ciudad_0680_funcional_estable,0.6168,0.9756,0.9342,0.4048,2.1076,0.6322,0.0003,0.0041,0.7009,72.31,5,false,false,FUNCIONAL
Ciudad_0441_saturada_o_inestable,0.7658,0.6672,0.6086,0.4707,5.2899,0.4044,-0.1271,0.1103,0.5037,49.56,10,false,true,INESTABLE
Ciudad_0425_saturada_o_inestable,0.6273,0.6652,0.8809,0.5669,6.7767,0.4077,-0.0473,0.1618,0.5591,56.35,10,false,false,INESTABLE
Ciudad_0073_colapso_o_critica,0.9736,0.5218,0.3482,0.9478,7.3694,0.2067,-0.1274,0.1841,0.2143,25.45,7,false,true,CRITICO
Ciudad_0898_funcional_estable,0.6711,0.876,0.8073,0.3932,5.5784,0.7639,-0.0386,-0.0087,0.7859,69.0,14,false,true,FUNCIONAL
Ciudad_0050_colapso_o_critica,0.7468,0.6001,0.6059,0.9476,10.732,0.1091,-0.2315,0.4472,0.2325,35.15,9,true,true,CRITICO
Ciudad_0250_colapso_o_critica,0.8469,0.2319,0.7467,0.7183,8.1281,0.1103,-0.2107,0.3261,0.3339,30.23,9,true,true,CRITICO
Ciudad_0477_saturada_o_inestable,0.854,0.6488,0.8771,0.6318,6.0583,0.5634,-0.1281,0.0659,0.6149,53.47,9,false,true,INESTABLE
Ciudad_0041_colapso_o_critica,0.8131,0.194,0.5342,0.7072,6.9368,0.2097,-0.23,0.1502,0.3171,27.86,9,true,true,CRITICO
Ciudad_0535_saturada_o_inestable,0.7065,0.8542,0.7364,0.7214,9.94,0.5206,-0.0339,0.1992,0.5108,56.54,12,false,true,INESTABLE
Ciudad_0719_funcional_estable,0.5892,0.7637,0.8351,0.3671,3.7541,0.5721,0.0097,0.0839,0.6922,64.95,9,false,false,FUNCIONAL
Ciudad_0301_saturada_o_inestable,0.7805,0.8356,0.7262,0.4812,4.9842,0.5843,-0.0608,0.0697,0.6079,57.96,9,false,true,INESTABLE
Ciudad_0871_funcional_estable,0.5524,0.9561,0.9835,0.4203,4.7465,0.6997,0.0276,0.0307,0.7495,75.21,11,false,false,FUNCIONAL
Ciudad_0103_colapso_o_critica,0.8897,0.4544,0.5904,0.809,3.8806,0.4296,-0.2982,0.3427,0.4219,36.83,4,true,true,CRITICO
Ciudad_0447_saturada_o_inestable,0.6079,0.854,0.7067,0.5078,4.6043,0.4998,-0.1516,0.147,0.5467,57.85,8,false,false,INESTABLE
Ciudad_0923_optima,0.1499,1.3408,1.1843,0.1736,2.409,0.7425,0.0795,-0.024,0.8982,89.25,14,false,false,OPTIMO
Ciudad_1114_optima,0.3213,1.1342,0.9515,0.2568,3.2852,0.8544,0.1189,-0.0612,0.8854,85.84,13,false,false,OPTIMO
Ciudad_0296_colapso_o_critica,0.9699,0.3997,0.4634,0.8081,6.3762,0.4254,-0.2996,0.44,0.3512,31.25,6,true,true,CRITICO
Ciudad_0977_optima,0.3175,1.2515,1.1479,0.2329,0.6881,0.8292,-0.0163,-0.01,0.8825,86.74,4,false,false,OPTIMO
Ciudad_0623_funcional_estable,0.5822,1.0863,0.9459,0.4087,4.0399,0.6119,-0.0578,-0.0123,0.7233,73.38,10,false,false,FUNCIONAL
Ciudad_0224_colapso_o_critica,0.9021,0.2161,0.4914,0.8132,4.4803,0.2144,-0.1275,0.2552,0.3147,24.28,5,true,true,CRITICO
Ciudad_0870_funcional_estable,0.5383,0.8755,0.8194,0.5451,6.33,0.5838,0.0072,0.0447,0.5763,66.01,11,false,false,FUNCIONAL
Ciudad_0376_saturada_o_inestable,0.709,0.8739,0.7664,0.4429,4.9302,0.3821,-0.1317,0.1682,0.5061,54.61,9,false,false,INESTABLE
Ciudad_0981_optima,0.4206,1.4112,0.9941,0.2076,1.8078,0.7204,0.0479,-0.0628,0.8294,82.76,9,false,false,OPTIMO
Ciudad_0731_funcional_estable,0.4605,0.7508,0.9111,0.3506,1.4362,0.7456,0.0441,0.0096,0.8062,72.43,4,false,false,FUNCIONAL
Ciudad_0249_colapso_o_critica,0.846,0.4346,0.5421,0.9587,13.8808,0.2475,-0.19,0.3218,0.2575,30.36,12,true,true,CRITICO
Ciudad_0708_funcional_estable,0.4925,0.7652,0.911,0.5277,8.1308,0.7469,-0.0284,0.0736,0.7281,69.52,14,false,false,FUNCIONAL
Ciudad_0521_saturada_o_inestable,0.6684,0.6496,0.6475,0.4986,2.3781,0.527,-0.1738,0.1905,0.564,53.88,4,false,true,INESTABLE
Ciudad_0053_colapso_o_critica,0.9664,0.2009,0.2572,0.7426,9.989,0.1636,-0.2325,0.3476,0.219,17.97,11,true,true,CRITICO
Ciudad_1137_optima,0.2987,1.1058,1.1988,0.1405,1.4087,0.7638,0.031,-0.0147,0.8979,87.19,11,false,false,OPTIMO
Ciudad_0114_colapso_o_critica,0.8476,0.3176,0.2374,0.7777,7.5338,0.199,-0.3148,0.1539,0.2016,23.05,9,false,false,CRITICO
Ciudad_0733_funcional_estable,0.5462,1.0027,0.9993,0.3245,1.2961,0.7468,-0.0085,0.0348,0.7357,68.41,4,false,false,FUNCIONAL
Ciudad_0562_saturada_o_inestable,0.8331,0.614,0.7046,0.7266,6.2901,0.5745,-0.1468,0.1115,0.5479,48.37,8,false,true,INESTABLE
Ciudad_1118_optima,0.1862,1.4372,1.0812,0.2674,1.883,0.8822,0.0206,-0.0248,0.9022,89.91,7,false,false,OPTIMO
Ciudad_0992_optima,0.1439,1.2737,1.1124,0.2818,2.6443,0.8351,0.05,-0.0666,0.8745,89.6,9,false,false,OPTIMO
Ciudad_0380_saturada_o_inestable,0.8338,0.617,0.8161,0.6204,8.0011,0.5738,-0.1788,0.2142,0.5728,52.24,11,false,true,INESTABLE
Ciudad_0002_colapso_o_critica,0.7919,0.3727,0.7502,0.7118,3.0924,0.1158,-0.143,0.1466,0.3546,35.12,4,false,true,CRITICO
Ciudad_0935_optima,0.4024,1.4029,1.2378,0.1391,1.5096,0.932,0.0784,-0.0425,0.976,88.5,10,false,false,OPTIMO
Ciudad_0080_colapso_o_critica,0.7722,0.3353,0.6497,0.8485,7.0875,0.1767,-0.3294,0.2878,0.3057,31.74,7,false,true,CRITICO
Ciudad_0232_colapso_o_critica,0.9805,0.5395,0.4419,0.9759,6.821,0.1697,-0.0873,0.2696,0.2346,26.47,6,true,true,CRITICO
Ciudad_0750_funcional_estable,0.6474,0.983,0.9031,0.4316,2.8864,0.7201,0.0208,-0.0006,0.7393,72.62,7,false,true,FUNCIONAL
Ciudad_0208_colapso_o_critica,0.8728,0.5601,0.4382,0.8705,9.0853,0.3586,-0.2554,0.2514,0.3047,34.42,9,true,true,CRITICO
Ciudad_1043_optima,0.2055,1.3314,0.9343,0.2493,1.9169,0.7671,-0.0131,-0.0177,0.7901,86.18,8,false,false,OPTIMO
Ciudad_0907_optima,0.2287,1.2944,1.2311,0.1482,0.4117,0.7774,0.0454,0.0107,0.9547,88.75,4,false,false,OPTIMO
Ciudad_1154_optima,0.1432,1.1482,1.1914,0.1877,1.9473,0.8014,0.0743,-0.0248,0.969,90.35,11,false,false,OPTIMO
Ciudad_0593_saturada_o_inestable,0.6314,0.6568,0.6093,0.4648,6.3468,0.6021,-0.1684,0.1838,0.6182,56.05,11,false,true,INESTABLE
Ciudad_0594_saturada_o_inestable,0.6832,0.8349,0.8938,0.6456,8.9891,0.5462,-0.006,0.0723,0.5703,56.62,13,false,false,INESTABLE
Ciudad_0082_colapso_o_critica,0.8032,0.2732,0.3705,0.8668,10.2884,0.1138,-0.2786,0.3011,0.173,22.45,10,true,true,CRITICO
Ciudad_0692_funcional_estable,0.3702,0.9443,0.9167,0.581,5.6456,0.6917,-0.0408,-0.0184,0.7101,74.66,10,false,false,FUNCIONAL
Ciudad_0112_colapso_o_critica,0.8172,0.2806,0.3763,0.8349,11.7727,0.2037,-0.1478,0.41,0.2695,24.75,11,true,true,CRITICO
Ciudad_1146_optima,0.2774,1.1785,1.1897,0.3012,1.5632,0.8955,0.0131,-0.0556,0.935,87.84,5,false,false,OPTIMO
Ciudad_0817_funcional_estable,0.5899,0.8604,0.8556,0.4954,4.8506,0.6168,0.0143,-0.0113,0.6057,66.73,10,false,false,FUNCIONAL
Ciudad_0391_saturada_o_inestable,0.7371,0.5277,0.7843,0.6573,8.8471,0.4381,-0.0417,0.1323,0.4953,48.04,12,false,false,INESTABLE
Ciudad_0491_saturada_o_inestable,0.7348,0.5891,0.6084,0.7389,4.6961,0.4732,-0.1233,0.1141,0.4693,45.58,6,false,false,INESTABLE
Ciudad_1165_optima,0.2537,1.3706,1.2046,0.3133,4.1967,0.8161,0.0855,0.0205,0.9233,86.55,13,false,false,OPTIMO
Ciudad_0087_colapso_o_critica,0.8153,0.3211,0.2871,0.9678,10.916,0.3886,-0.3429,0.2245,0.2994,25.72,10,false,true,CRITICO
Ciudad_0287_colapso_o_critica,0.797,0.5812,0.2787,0.9485,12.4285,0.1597,-0.2691,0.3235,0.1744,28.13,11,true,true,CRITICO
Ciudad_0582_saturada_o_inestable,0.859,0.6652,0.7136,0.6363,4.9832,0.6243,-0.0691,0.1548,0.6019,51.66,7,false,true,INESTABLE
Ciudad_0246_colapso_o_critica,0.8916,0.178,0.6439,0.7353,3.8163,0.098,-0.1681,0.4247,0.3062,25.43,4,true,true,CRITICO
Ciudad_0771_funcional_estable,0.5405,1.0762,0.8565,0.5292,4.9998,0.6709,0.0045,0.0965,0.669,71.8,9,false,true,FUNCIONAL
Ciudad_0800_funcional_estable,0.5334,0.9624,0.8942,0.4679,4.6404,0.7112,0.0577,-0.0197,0.7752,73.48,10,false,false,FUNCIONAL
Ciudad_0351_saturada_o_inestable,0.8367,0.8005,0.764,0.6518,5.6172,0.4601,-0.0722,0.152,0.538,52.98,8,false,true,INESTABLE
Ciudad_0056_colapso_o_critica,0.9583,0.3485,0.4224,0.8688,15.3592,0.1934,-0.1933,0.3962,0.2394,23.83,14,true,true,CRITICO
Ciudad_0244_colapso_o_critica,0.9405,0.5227,0.4849,0.7906,3.7547,0.3982,-0.2763,0.292,0.3975,35.06,4,true,true,CRITICO
Ciudad_1079_optima,0.2629,1.0317,1.252,0.0685,0.426,0.8574,0.0153,-0.0468,0.9826,90.86,7,false,false,OPTIMO
Ciudad_0096_colapso_o_critica,0.9689,0.4001,0.4147,0.9585,12.8858,0.36,-0.1643,0.2149,0.291,26.74,12,true,true,CRITICO
Ciudad_0010_colapso_o_critica,0.9897,0.3897,0.6246,1.0,5.7763,0.0568,-0.2995,0.2116,0.2484,23.57,5,true,true,CRITICO
Ciudad_0416_saturada_o_inestable,0.62,0.7997,0.74,0.7023,3.1789,0.3822,-0.1273,0.1724,0.4729,54.5,4,false,false,INESTABLE
Ciudad_0612_funcional_estable,0.487,0.9952,0.9353,0.4649,4.1845,0.6955,-0.0162,0.0225,0.7121,75.78,9,false,true,FUNCIONAL
Ciudad_0280_colapso_o_critica,0.8989,0.3542,0.6452,0.6721,3.6247,0.3538,-0.2623,0.3424,0.409,35.77,4,true,true,CRITICO
Ciudad_0609_funcional_estable,0.4496,0.8374,0.8377,0.3608,4.9755,0.7412,0.0208,0.0922,0.7751,73.11,12,false,false,FUNCIONAL
Ciudad_0783_funcional_estable,0.5068,0.803,1.0094,0.5173,5.623,0.5567,-0.0529,0.0678,0.6777,68.31,10,false,false,FUNCIONAL
Ciudad_0007_colapso_o_critica,0.8377,0.4855,0.7631,0.9713,11.4924,0.2283,-0.1647,0.3505,0.3356,35.64,10,true,true,CRITICO
Ciudad_0603_funcional_estable,0.4457,1.0334,0.8007,0.292,2.4145,0.6506,-0.0345,0.0181,0.7133,75.73,8,false,false,FUNCIONAL
Ciudad_0342_saturada_o_inestable,0.7543,0.7189,0.834,0.6898,5.2215,0.6283,0.0034,0.0631,0.5899,56.79,7,false,false,INESTABLE
Ciudad_0709_funcional_estable,0.5757,1.0478,0.9531,0.2668,3.0757,0.7069,0.0582,0.0088,0.7825,74.65,12,false,false,FUNCIONAL
Ciudad_0014_colapso_o_critica,0.8783,0.2676,0.5609,0.8345,13.9647,0.4249,-0.2975,0.436,0.4147,31.32,13,true,true,CRITICO
Ciudad_0258_colapso_o_critica,0.95,0.507,0.4151,0.7287,4.9125,0.3419,-0.1545,0.2132,0.3511,32.89,6,false,true,CRITICO
Ciudad_0191_colapso_o_critica,0.8987,0.3858,0.4211,0.7124,11.3242,0.3966,-0.1269,0.4266,0.4341,32.34,12,true,true,CRITICO
Ciudad_1061_optima,0.1448,1.0081,1.2433,0.3116,2.6097,0.7748,0.001,-0.0461,0.8927,87.93,8,false,false,OPTIMO
Ciudad_0450_saturada_o_inestable,0.8004,0.7632,0.6856,0.5799,6.7256,0.5611,-0.0634,0.1734,0.5818,54.31,10,false,true,INESTABLE
Ciudad_0549_saturada_o_inestable,0.6272,0.8008,0.6923,0.5515,9.1591,0.5523,-0.0468,0.1598,0.5162,57.99,14,false,true,INESTABLE
Ciudad_0493_saturada_o_inestable,0.7741,0.6753,0.5991,0.7763,11.2362,0.4797,-0.0668,0.0664,0.4586,46.33,14,false,false,INESTABLE
Ciudad_0663_funcional_estable,0.5953,0.7781,0.81,0.3285,4.1223,0.5757,0.0325,0.057,0.6093,65.33,12,false,false,FUNCIONAL
Ciudad_0464_saturada_o_inestable,0.584,0.8486,0.6862,0.4815,7.6042,0.4538,-0.0267,0.1896,0.4986,53.37,13,false,true,INESTABLE
Ciudad_0297_colapso_o_critica,0.7716,0.5217,0.6423,0.8194,3.5997,0.4273,-0.1452,0.1409,0.3951,37.32,4,true,true,CRITICO
Ciudad_0547_saturada_o_inestable,0.648,0.578,0.609,0.645,6.9798,0.4099,-0.0822,0.1126,0.4668,47.19,10,false,false,INESTABLE
Ciudad_1148_optima,0.1991,1.1824,0.9132,0.1132,1.1431,0.9475,0.0169,-0.0594,0.9279,91.53,11,false,false,OPTIMO
Ciudad_0188_colapso_o_critica,0.7633,0.5538,0.5253,0.8682,11.6289,0.3258,-0.2394,0.1954,0.3081,37.58,12,true,true,CRITICO
Ciudad_0034_colapso_o_critica,0.9784,0.4539,0.3144,0.8094,4.6668,0.1091,-0.1761,0.1708,0.1775,23.11,5,false,true,CRITICO
Ciudad_0536_saturada_o_inestable,0.7154,0.551,0.8314,0.7226,9.0978,0.4939,-0.1393,0.1915,0.5451,50.14,11,false,false,INESTABLE
Ciudad_1066_optima,0.4361,1.1644,1.049,0.1427,0.5927,0.8303,0.0772,-0.0556,0.8694,85.74,4,false,false,OPTIMO
Ciudad_0952_optima,0.2363,1.1411,1.0503,0.2596,0.9707,0.8551,0.0275,0.0286,0.8766,88.48,4,false,false,OPTIMO
Ciudad_0229_colapso_o_critica,0.7303,0.4918,0.6239,0.6823,3.4362,0.2479,-0.1111,0.2884,0.3733,37.0,4,true,true,CRITICO
Ciudad_1004_optima,0.4702,1.2478,1.1597,0.1193,0.3665,0.8344,0.0505,-0.035,0.975,85.5,5,false,false,OPTIMO
Ciudad_0012_colapso_o_critica,0.8065,0.4073,0.7284,0.9671,4.5492,0.1639,-0.315,0.2792,0.2866,32.39,4,false,true,CRITICO
Ciudad_1008_optima,0.2785,1.4318,1.0798,0.2779,1.6984,0.8584,0.0265,-0.0553,0.9057,87.43,6,false,false,OPTIMO
Ciudad_0722_funcional_estable,0.4683,0.8703,1.0395,0.4769,4.5473,0.7484,0.046,0.0717,0.7755,75.2,9,false,true,FUNCIONAL
Ciudad_0803_funcional_estable,0.483,0.7953,0.9807,0.5354,4.3306,0.7623,0.044,0.0086,0.7447,72.05,8,false,false,FUNCIONAL
Ciudad_0461_saturada_o_inestable,0.6978,0.65,0.7138,0.4515,2.5565,0.5754,-0.0891,0.1106,0.5859,56.31,5,false,true,INESTABLE
Ciudad_0975_optima,0.2291,1.0667,1.2095,0.0816,1.0224,0.8824,0.1167,0.0029,0.9376,91.84,9,false,false,OPTIMO
Ciudad_0293_colapso_o_critica,0.8997,0.2978,0.4161,0.9834,9.1278,0.3361,-0.1263,0.2921,0.2777,24.74,8,false,true,CRITICO
Ciudad_0686_funcional_estable,0.4322,0.8502,0.9072,0.4093,4.4371,0.7456,-0.0454,0.0946,0.776,74.53,9,false,true,FUNCIONAL
Ciudad_1130_optima,0.2627,1.1647,0.9529,0.2986,2.3618,0.8392,0.0475,-0.0695,0.8253,86.11,8,false,false,OPTIMO
Ciudad_0036_colapso_o_critica,0.9651,0.3769,0.5762,0.9573,13.2912,0.2782,-0.1794,0.2859,0.3269,27.85,12,true,true,CRITICO
Ciudad_0443_saturada_o_inestable,0.7082,0.6544,0.6633,0.4902,5.862,0.4188,-0.1009,0.0832,0.5416,51.48,11,false,true,INESTABLE
Ciudad_0687_funcional_estable,0.5448,1.0235,0.7697,0.5435,2.2306,0.5952,0.0417,-0.0147,0.6217,68.25,4,false,false,FUNCIONAL
Ciudad_0689_funcional_estable,0.5352,0.8763,0.7848,0.3338,4.3676,0.7562,-0.0599,0.062,0.7293,72.02,12,false,false,FUNCIONAL
Ciudad_0089_colapso_o_critica,0.8421,0.6245,0.3235,0.8397,11.7999,0.4508,-0.3467,0.4245,0.2946,36.66,11,true,true,CRITICO
Ciudad_1032_optima,0.2315,1.1047,1.088,0.2584,3.548,0.8125,0.0504,0.0051,0.921,87.74,14,false,false,OPTIMO
Ciudad_0637_funcional_estable,0.435,0.8682,0.9419,0.3116,4.1552,0.5998,-0.008,0.0484,0.6906,74.16,13,false,false,FUNCIONAL
Ciudad_0778_funcional_estable,0.4978,0.8381,0.9372,0.5194,7.5584,0.6223,0.0181,0.0353,0.6804,69.4,14,false,false,FUNCIONAL
Ciudad_1049_optima,0.1933,1.2871,1.0693,0.1976,2.697,0.8842,0.021,-0.0428,0.9255,90.85,14,false,false,OPTIMO
Ciudad_0948_optima,0.3232,1.4405,1.1061,0.2292,1.4325,0.9011,0.0237,-0.024,0.9263,88.12,6,false,false,OPTIMO
Ciudad_0983_optima,0.3577,1.3205,1.1135,0.1802,0.9361,0.7933,0.115,0.0353,0.8913,86.01,4,false,false,OPTIMO
Ciudad_0934_optima,0.3755,1.0934,1.0186,0.2019,0.986,0.9574,0.0404,0.0365,0.9268,88.61,5,false,false,OPTIMO
Ciudad_0128_colapso_o_critica,0.6997,0.1978,0.7394,0.9098,4.64,0.2529,-0.3323,0.3824,0.3097,32.15,4,false,true,CRITICO
Ciudad_0418_saturada_o_inestable,0.5823,0.8876,0.7349,0.459,4.0157,0.4086,-0.1453,0.1963,0.5459,48.9,7,false,true,INESTABLE
Ciudad_0672_funcional_estable,0.538,0.9602,0.974,0.5006,2.3518,0.7055,0.0013,0.0432,0.7345,74.32,5,false,false,FUNCIONAL
Ciudad_0444_saturada_o_inestable,0.846,0.7524,0.5452,0.4835,7.0857,0.5396,-0.0107,0.1655,0.5288,51.33,12,false,true,INESTABLE
Ciudad_0556_saturada_o_inestable,0.7481,0.7958,0.8106,0.459,2.0239,0.4544,-0.0593,0.1041,0.5964,50.21,4,false,true,INESTABLE
Ciudad_0147_colapso_o_critica,0.8408,0.5726,0.4167,0.8206,7.4121,0.4476,-0.081,0.2121,0.4013,37.48,8,true,true,CRITICO
Ciudad_0620_funcional_estable,0.4053,0.8714,0.75,0.4958,5.3909,0.6894,0.003,0.0976,0.658,70.03,10,false,false,FUNCIONAL
Ciudad_1135_optima,0.3263,1.1641,1.2775,0.1432,1.2879,0.7223,0.0376,0.0242,0.9124,85.77,8,false,false,OPTIMO
Ciudad_1131_optima,0.2909,1.3055,1.3013,0.0887,0.3924,0.8725,0.106,0.0019,1,90.3,4,false,false,OPTIMO
Ciudad_0669_funcional_estable,0.4911,1.0352,0.94,0.4013,2.549,0.6402,-0.0172,0.0673,0.7356,75.76,6,false,false,FUNCIONAL
Ciudad_0511_saturada_o_inestable,0.8042,0.8048,0.8422,0.7375,11.9158,0.488,-0.1251,0.209,0.5064,54.58,14,false,true,INESTABLE
Ciudad_0396_saturada_o_inestable,0.7459,0.7961,0.6758,0.4503,3.3691,0.4758,0.0037,0.2053,0.5479,56.26,6,false,false,INESTABLE
Ciudad_0272_colapso_o_critica,0.852,0.2667,0.2906,0.7166,3.3468,0.1259,-0.1595,0.2044,0.2108,22.21,4,true,true,CRITICO
Ciudad_0978_optima,0.3665,1.3677,1.1973,0.2441,0.9745,0.939,0.0093,-0.022,1,87.79,4,false,false,OPTIMO
Ciudad_0752_funcional_estable,0.6535,1.0242,0.9636,0.3958,3.0067,0.6125,-0.0504,-0.0196,0.7066,72.52,8,false,false,FUNCIONAL
Ciudad_0782_funcional_estable,0.4555,0.9133,0.7767,0.3676,3.9261,0.6547,-0.0122,0.0751,0.6693,71.84,9,false,false,FUNCIONAL
Ciudad_0011_colapso_o_critica,0.9249,0.5471,0.4139,0.9254,11.7482,0.2815,-0.2342,0.2627,0.251,30.21,11,true,true,CRITICO
Ciudad_0517_saturada_o_inestable,0.8511,0.6847,0.6293,0.6488,9.1404,0.492,-0.113,0.1731,0.4994,47.79,12,false,true,INESTABLE
Ciudad_0658_funcional_estable,0.6317,0.9119,0.942,0.4508,2.3393,0.7414,-0.045,0.0637,0.7301,72.07,5,false,false,FUNCIONAL
Ciudad_1048_optima,0.2454,1.4262,0.9176,0.1611,1.3032,0.7473,-0.0017,-0.0434,0.8273,85.97,9,false,false,OPTIMO
Ciudad_0711_funcional_estable,0.4686,0.903,0.8285,0.5224,2.5614,0.5859,-0.0496,0.0524,0.6286,68.65,5,false,false,FUNCIONAL
Ciudad_0330_saturada_o_inestable,0.6802,0.7727,0.8142,0.6613,10.8094,0.5246,-0.1432,0.1952,0.5309,57.57,14,false,true,INESTABLE
Ciudad_0221_colapso_o_critica,0.8557,0.2461,0.3959,0.8735,6.0099,0.4035,-0.0996,0.2847,0.3651,26.93,6,true,true,CRITICO
Ciudad_0459_saturada_o_inestable,0.6766,0.7041,0.7985,0.5663,7.3087,0.4034,-0.0982,0.0889,0.573,54.61,12,false,true,INESTABLE
Ciudad_1157_optima,0.3611,1.2384,1.1689,0.1941,2.0731,0.7853,0.1195,0.0325,0.8925,85.57,9,false,false,OPTIMO
Ciudad_0355_saturada_o_inestable,0.8365,0.7518,0.8433,0.724,7.9212,0.5226,-0.0544,0.1307,0.5785,53.52,10,false,true,INESTABLE
Ciudad_1188_optima,0.3457,1.3825,1.2094,0.3292,3.3231,0.9047,0.1107,0.0038,0.983,86.24,10,false,false,OPTIMO
Ciudad_0388_saturada_o_inestable,0.6263,0.851,0.7505,0.4679,4.2038,0.5039,-0.0644,0.16,0.5849,57.91,8,false,false,INESTABLE
Ciudad_0173_colapso_o_critica,0.9232,0.5531,0.5493,0.8667,12.6186,0.4,-0.1279,0.208,0.3651,36.35,13,false,true,CRITICO
Ciudad_0068_colapso_o_critica,0.9158,0.4725,0.5545,0.8642,12.6692,0.182,-0.2306,0.3393,0.3076,30.27,12,false,true,CRITICO
Ciudad_0703_funcional_estable,0.6143,0.8837,0.9133,0.4499,3.8102,0.7469,-0.0413,0.0613,0.7852,71.26,8,false,true,FUNCIONAL
Ciudad_1033_optima,0.4174,1.2163,0.943,0.0987,1.1761,0.8117,-0.0035,-0.0012,0.8581,85.27,12,false,false,OPTIMO
Ciudad_0911_optima,0.2949,1.32,1.2186,0.2396,1.4177,0.9162,0.0722,-0.041,0.9379,88.83,6,false,false,OPTIMO
Ciudad_0315_saturada_o_inestable,0.7852,0.5878,0.582,0.469,4.5229,0.5577,-0.152,0.1858,0.5524,49.75,8,false,false,INESTABLE
Ciudad_0110_colapso_o_critica,0.7377,0.304,0.3452,0.6854,6.5054,0.341,-0.3675,0.2564,0.2988,31.29,8,true,false,CRITICO
Ciudad_0523_saturada_o_inestable,0.6397,0.8708,0.6014,0.694,4.1343,0.4545,-0.1483,0.1579,0.4645,54.68,5,false,false,INESTABLE
Ciudad_1105_optima,0.2943,1.0256,1.2383,0.1247,1.1897,0.8345,0.0736,-0.0382,0.9889,88.93,10,false,false,OPTIMO
Ciudad_0546_saturada_o_inestable,0.7414,0.6018,0.6523,0.5272,5.3777,0.5635,-0.1364,0.0684,0.6059,51.63,10,false,true,INESTABLE
Ciudad_0212_colapso_o_critica,0.8065,0.5461,0.5845,0.9293,10.6992,0.328,-0.1892,0.2884,0.3327,36.83,10,false,false,CRITICO
Ciudad_0374_saturada_o_inestable,0.8318,0.8575,0.5816,0.6759,9.1849,0.5538,-0.0665,0.1566,0.5424,52.37,12,false,true,INESTABLE
Ciudad_0433_saturada_o_inestable,0.7571,0.5683,0.7947,0.5975,3.0398,0.6013,-0.1097,0.1967,0.6019,53.02,4,false,true,INESTABLE
Ciudad_0976_optima,0.4208,1.4448,1.1899,0.2243,1.4951,0.7734,0.1186,0.0297,0.8881,83.69,6,false,false,OPTIMO
Ciudad_0198_colapso_o_critica,0.7398,0.5965,0.3388,0.6881,12.9788,0.1766,-0.3089,0.4395,0.2364,35.1,14,true,true,CRITICO
Ciudad_0022_colapso_o_critica,0.9365,0.2869,0.4577,0.9367,7.547,0.1319,-0.3771,0.2415,0.2094,21.18,7,true,true,CRITICO
Ciudad_1021_optima,0.2017,1.2077,1.1532,0.1914,2.0469,0.8851,0.0834,-0.0698,0.9829,90.8,10,false,false,OPTIMO
Ciudad_0840_funcional_estable,0.439,0.8305,1.0209,0.3704,1.3328,0.6848,0.0431,-0.0184,0.8128,75.12,4,false,false,FUNCIONAL
Ciudad_0906_optima,0.3495,1.3115,1.0592,0.2072,2.1366,0.8466,0.0195,-0.0086,0.9276,86.83,11,false,false,OPTIMO
Ciudad_0071_colapso_o_critica,0.9407,0.3576,0.4732,0.9332,4.1551,0.1044,-0.121,0.2093,0.1898,22.68,4,true,true,CRITICO
Ciudad_0407_saturada_o_inestable,0.8225,0.7743,0.5823,0.5724,8.6957,0.4918,-0.0399,0.1115,0.5238,50.8,14,false,true,INESTABLE
Ciudad_0726_funcional_estable,0.4558,0.7806,0.7975,0.3024,2.7827,0.6003,0.0492,0.0697,0.6908,68.82,8,false,false,FUNCIONAL
Ciudad_0412_saturada_o_inestable,0.6087,0.6637,0.5407,0.556,8.3492,0.4703,-0.0585,0.0674,0.5116,51.3,14,false,true,INESTABLE
Ciudad_0945_optima,0.4838,0.9898,1.1414,0.2597,2.994,0.9444,0.108,-0.0362,0.9707,85.06,12,false,false,OPTIMO
Ciudad_1153_optima,0.3187,1.3359,1.1346,0.1477,0.7014,0.8428,0.0752,-0.0407,0.9027,88.27,5,false,false,OPTIMO
Ciudad_0937_optima,0.4368,1.1752,1.1691,0.0777,1.2225,0.9694,-0.0124,-0.0274,1,89.49,14,false,false,OPTIMO
Ciudad_0463_saturada_o_inestable,0.8705,0.9033,0.6825,0.7241,5.4936,0.6265,-0.1649,0.1126,0.51,55.49,7,false,true,INESTABLE
Ciudad_0701_funcional_estable,0.5308,1.0568,0.8029,0.453,6.4251,0.6739,0.0435,0.091,0.7066,72.12,13,false,false,FUNCIONAL
Ciudad_0095_colapso_o_critica,0.791,0.1952,0.632,0.7858,10.2736,0.1675,-0.1395,0.2705,0.295,28.26,11,true,true,CRITICO
Ciudad_1126_optima,0.4327,1.0442,1.0787,0.3006,3.5137,0.912,0.0372,0.0182,0.8774,85.08,12,false,false,OPTIMO
Ciudad_0665_funcional_estable,0.6683,0.8533,0.9555,0.5322,6.2128,0.7038,0.0562,0.0667,0.7323,68.17,11,false,false,FUNCIONAL
Ciudad_0163_colapso_o_critica,0.9657,0.4526,0.2566,0.8073,6.4713,0.2779,-0.3277,0.2577,0.2394,25.58,7,true,true,CRITICO
Ciudad_0584_saturada_o_inestable,0.6929,0.9252,0.6854,0.5316,3.9647,0.5158,-0.1204,0.0728,0.559,57.92,7,false,true,INESTABLE
Ciudad_0643_funcional_estable,0.4447,0.898,0.9531,0.319,1.4176,0.5627,-0.0106,0.0747,0.7275,74.09,4,false,false,FUNCIONAL
Ciudad_0309_saturada_o_inestable,0.5896,0.7832,0.6689,0.6238,7.4629,0.5117,-0.1499,0.114,0.5569,57.04,11,false,true,INESTABLE
Ciudad_0581_saturada_o_inestable,0.6058,0.8865,0.7841,0.6957,4.8919,0.4864,-0.0862,0.2145,0.5426,54.29,6,false,false,INESTABLE
Ciudad_0430_saturada_o_inestable,0.8401,0.8452,0.6373,0.4219,1.7886,0.6079,-0.0589,0.1186,0.6268,57.9,4,false,true,INESTABLE
Ciudad_0175_colapso_o_critica,0.7315,0.1738,0.3256,0.7125,12.6409,0.1813,-0.1561,0.3272,0.2658,24.17,14,true,false,CRITICO
Ciudad_0105_colapso_o_critica,0.7718,0.1583,0.5156,0.7091,7.0527,0.2292,-0.1075,0.3209,0.352,27.78,8,true,true,CRITICO
Ciudad_1150_optima,0.3538,1.3009,0.959,0.246,3.3006,0.9491,0.1177,0.0217,0.895,87.4,13,false,false,OPTIMO
Ciudad_0902_optima,0.1304,1.391,1.1798,0.0302,0.279,0.9289,0.0522,0.0016,1,95.52,11,false,false,OPTIMO
Ciudad_0025_colapso_o_critica,0.99,0.3159,0.2476,0.9035,13.2279,0.3766,-0.1097,0.3485,0.2618,22.03,12,false,true,CRITICO
Ciudad_0195_colapso_o_critica,0.8724,0.5158,0.3588,0.9727,14.4673,0.3316,-0.1255,0.2476,0.25,29.67,13,true,true,CRITICO
Ciudad_0411_saturada_o_inestable,0.7404,0.6905,0.6935,0.7546,4.8791,0.5425,-0.0325,0.0704,0.4972,50.85,6,false,false,INESTABLE
Ciudad_0201_colapso_o_critica,0.8712,0.5399,0.4506,0.7558,11.5539,0.3985,-0.1046,0.1418,0.3794,36.72,14,true,true,CRITICO
Ciudad_0395_saturada_o_inestable,0.738,0.6539,0.786,0.5831,7.8988,0.4377,-0.0303,0.067,0.5473,52.32,13,false,true,INESTABLE
Ciudad_0003_colapso_o_critica,0.8627,0.4015,0.7044,0.6813,10.8135,0.3806,-0.1862,0.2747,0.4592,32.72,13,true,true,CRITICO
Ciudad_1022_optima,0.3909,1.3696,0.9913,0.1367,1.4954,0.7379,0.0857,0.0379,0.8501,84.71,10,false,false,OPTIMO
Ciudad_0386_saturada_o_inestable,0.7362,0.8796,0.8034,0.6475,8.7337,0.4325,-0.0934,0.1545,0.5278,57.27,12,false,true,INESTABLE
Ciudad_0308_saturada_o_inestable,0.6302,0.6609,0.6749,0.6091,3.2451,0.3886,0.0062,0.0898,0.436,51.05,5,false,false,INESTABLE
Ciudad_1180_optima,0.4483,1.2772,1.1872,0.0706,0.5382,0.8308,0.0659,0.0023,0.9602,86.59,9,false,false,OPTIMO
Ciudad_0266_colapso_o_critica,0.8524,0.5134,0.7469,0.783,9.1815,0.0955,-0.1293,0.4353,0.286,35.89,9,false,true,CRITICO
Ciudad_0347_saturada_o_inestable,0.5908,0.779,0.8346,0.6662,4.4466,0.403,0.0089,0.0524,0.5521,57.42,6,false,true,INESTABLE
Ciudad_1156_optima,0.2813,1.021,0.9797,0.3177,4.4992,0.9211,0.0153,-0.0023,0.8933,87.62,14,false,false,OPTIMO
Ciudad_0042_colapso_o_critica,0.7868,0.4452,0.5439,0.9477,7.8938,0.4577,-0.3312,0.2837,0.3724,36.21,7,false,true,CRITICO
Ciudad_0317_saturada_o_inestable,0.8618,0.7784,0.8496,0.6724,6.3934,0.4801,-0.0039,0.2066,0.5833,53.73,8,false,true,INESTABLE
Ciudad_0926_optima,0.402,1.0843,1.2043,0.1176,1.2393,0.8384,0.0305,-0.0606,0.9034,86.96,12,false,false,OPTIMO
Ciudad_0792_funcional_estable,0.6399,1.0996,0.8419,0.4122,3.7546,0.7556,-0.0454,-0.0129,0.7313,72.97,9,false,false,FUNCIONAL
Ciudad_0490_saturada_o_inestable,0.6226,0.799,0.6381,0.7047,3.1463,0.5585,-0.1547,0.0577,0.518,55.88,4,false,false,INESTABLE
Ciudad_0781_funcional_estable,0.4079,1.0098,0.8816,0.4623,1.8574,0.7958,0.0061,0.0564,0.7543,69.52,4,false,false,FUNCIONAL
Ciudad_0979_optima,0.3711,1.0389,1.2278,0.2196,2.598,0.8876,0.1124,-0.0138,0.9801,87.04,12,false,false,OPTIMO
Ciudad_0392_saturada_o_inestable,0.7075,0.6215,0.6369,0.5261,7.9251,0.5816,-0.0585,0.1348,0.5614,52.87,13,false,true,INESTABLE
Ciudad_0468_saturada_o_inestable,0.8396,0.8011,0.6424,0.6527,10.5377,0.3973,-0.1549,0.1935,0.4515,49.24,14,false,true,INESTABLE
Ciudad_0925_optima,0.2513,1.2996,1.1366,0.131,1.1444,0.9949,0.0069,-0.0458,0.9775,92.91,9,false,false,OPTIMO
Ciudad_1160_optima,0.341,1.217,1.1547,0.0347,0.281,0.9011,0.025,-0.0134,0.9659,90.68,6,false,false,OPTIMO
Ciudad_0537_saturada_o_inestable,0.8016,0.8064,0.8646,0.6357,6.7534,0.5666,-0.0901,0.2051,0.6215,47.71,9,false,true,INESTABLE
Ciudad_0951_optima,0.1557,1.1974,1.0039,0.2344,2.6331,0.8871,0.0783,-0.006,0.8397,91.11,11,false,false,OPTIMO
Ciudad_0085_colapso_o_critica,0.7998,0.2132,0.2791,0.8578,4.9005,0.1242,-0.1779,0.252,0.1522,19.53,5,true,true,CRITICO
Ciudad_0748_funcional_estable,0.5836,0.8517,0.852,0.4228,2.8494,0.7576,0.0502,0.0707,0.7477,70.47,6,false,false,FUNCIONAL
Ciudad_0580_saturada_o_inestable,0.8447,0.7947,0.8207,0.7167,9.178,0.4487,-0.0614,0.1043,0.5524,52.61,12,false,true,INESTABLE
Ciudad_0202_colapso_o_critica,0.7988,0.3494,0.2746,0.8979,4.4444,0.1381,-0.2777,0.3549,0.1498,22.54,4,true,true,CRITICO
Ciudad_0577_saturada_o_inestable,0.6095,0.8635,0.7206,0.4934,6.7267,0.4041,-0.0366,0.1115,0.504,55.89,12,false,true,INESTABLE
Ciudad_0526_saturada_o_inestable,0.7818,0.6352,0.759,0.6865,9.0665,0.5051,-0.1145,0.1559,0.4919,50.23,12,false,true,INESTABLE
Ciudad_0728_funcional_estable,0.6382,1.0038,0.8317,0.4854,3.7783,0.6209,-0.0594,-0.0185,0.6785,69.01,8,false,false,FUNCIONAL
Ciudad_0841_funcional_estable,0.3614,1.0612,0.9442,0.4045,4.0082,0.5983,0.0291,0.0418,0.6546,69.34,9,false,false,FUNCIONAL
Ciudad_0432_saturada_o_inestable,0.7178,0.6347,0.7328,0.5092,7.2914,0.4882,-0.0937,0.1855,0.5326,53.29,12,false,true,INESTABLE
Ciudad_0561_saturada_o_inestable,0.816,0.6125,0.7494,0.4808,4.8684,0.6057,-0.1773,0.1776,0.6717,53.88,9,false,true,INESTABLE
Ciudad_0707_funcional_estable,0.3913,0.8192,0.8891,0.5358,5.9737,0.5783,0.028,0.0318,0.6615,68.96,11,false,false,FUNCIONAL
Ciudad_0543_saturada_o_inestable,0.8052,0.8862,0.6544,0.6624,8.407,0.3998,-0.0222,0.0878,0.4801,52.2,12,false,true,INESTABLE
Ciudad_0741_funcional_estable,0.6479,1.0867,0.9075,0.3475,3.9836,0.6322,-0.0442,0.0216,0.6937,72.62,11,false,true,FUNCIONAL
Ciudad_0754_funcional_estable,0.5347,1.0022,0.9364,0.458,3.7029,0.6064,-0.0484,-0.0144,0.6455,73.29,8,false,false,FUNCIONAL
Ciudad_0367_saturada_o_inestable,0.6225,0.7066,0.7697,0.6559,10.0207,0.5542,-0.0016,0.1228,0.5782,56.86,14,false,true,INESTABLE
Ciudad_0531_saturada_o_inestable,0.8519,0.7176,0.586,0.7122,10.5363,0.4407,-0.0289,0.0878,0.466,45.75,14,false,true,INESTABLE
Ciudad_0017_colapso_o_critica,0.7938,0.2392,0.7024,0.72,11.185,0.4417,-0.2581,0.3854,0.4957,37.19,12,true,true,CRITICO
Ciudad_0746_funcional_estable,0.4154,1.0756,0.8409,0.5363,8.162,0.5855,0.0175,0.0594,0.6099,72.18,14,false,false,FUNCIONAL
Ciudad_0345_saturada_o_inestable,0.7264,0.6883,0.7964,0.4745,5.5837,0.4637,-0.1796,0.1758,0.6255,55.76,10,false,true,INESTABLE
Ciudad_0761_funcional_estable,0.6459,0.9494,0.9259,0.3129,3.6232,0.5595,0.0012,-0.0167,0.7077,70.83,12,false,true,FUNCIONAL
Ciudad_1164_optima,0.3783,1.279,1.2323,0.2062,0.7983,0.9612,0.0201,-0.0213,1,88.57,4,false,false,OPTIMO
Ciudad_0222_colapso_o_critica,0.7581,0.3397,0.2211,0.91,12.8266,0.3264,-0.184,0.3091,0.2522,25.63,12,true,true,CRITICO
Ciudad_1159_optima,0.3014,1.3928,1.1886,0.0198,0.2181,0.8201,0.0613,0.0318,0.9309,90.08,10,false,false,OPTIMO
Ciudad_1067_optima,0.327,1.0423,1.2042,0.1999,1.5333,0.7483,-0.0025,-0.0694,0.8846,85.43,8,false,false,OPTIMO
Ciudad_0118_colapso_o_critica,0.9003,0.3239,0.2472,0.9704,9.5082,0.3853,-0.2686,0.1437,0.2581,23.19,9,true,true,CRITICO
Ciudad_0607_funcional_estable,0.5158,1.013,0.9849,0.5122,3.9371,0.5903,0.0245,0.0074,0.648,73.5,8,false,false,FUNCIONAL
Ciudad_0990_optima,0.2261,1.0456,1.074,0.0648,0.6165,0.8678,0.0578,-0.0496,0.9618,91.86,8,false,false,OPTIMO
Ciudad_1027_optima,0.3878,1.0996,1.0068,0.1616,1.5534,0.9139,0.0238,-0.0025,0.9274,88.1,9,false,false,OPTIMO
Ciudad_0814_funcional_estable,0.6246,0.8798,0.8404,0.4824,3.7821,0.6809,-0.045,0.0007,0.6895,67.69,8,false,false,FUNCIONAL
Ciudad_0909_optima,0.2524,1.3202,0.9576,0.2461,2.5535,0.8117,0.0125,-0.018,0.8705,86.65,11,false,false,OPTIMO
Ciudad_1192_optima,0.3486,1.2528,1.1918,0.1786,2.3606,0.8749,0.07,-0.0471,0.9453,87.85,14,false,false,OPTIMO
Ciudad_0159_colapso_o_critica,0.7211,0.1596,0.6078,0.8641,14.6265,0.1635,-0.2789,0.3042,0.258,27.03,14,true,true,CRITICO
Ciudad_0987_optima,0.2924,1.1771,1.1858,0.0317,0.25,0.7417,0.1148,-0.0173,0.9194,88.51,9,false,false,OPTIMO
Ciudad_0942_optima,0.1968,1.0616,0.9411,0.0864,0.4896,0.817,-0.0039,-0.0337,0.9017,89.93,4,false,false,OPTIMO
Ciudad_0277_colapso_o_critica,0.9782,0.2372,0.4294,0.7565,8.1538,0.4315,-0.1208,0.4269,0.4095,27.23,8,true,true,CRITICO
Ciudad_0213_colapso_o_critica,0.9455,0.3954,0.2474,0.9138,8.8248,0.0933,-0.1186,0.3446,0.1277,19.08,8,true,true,CRITICO
Ciudad_0974_optima,0.1733,1.0348,0.936,0.3076,2.6375,0.851,0.1013,-0.0282,0.8376,87.66,9,false,false,OPTIMO
Ciudad_1169_optima,0.2009,1.3487,1.0295,0.2894,3.9883,0.8925,0.0403,-0.0385,0.8849,89.49,14,false,false,OPTIMO
Ciudad_0967_optima,0.4736,1.1762,0.9968,0.1635,1.2097,0.7583,0.0531,0.0055,0.8492,83.18,7,false,false,OPTIMO
Ciudad_0608_funcional_estable,0.488,0.9995,0.9742,0.3037,2.4218,0.7185,-0.0527,0.0832,0.8003,71.72,7,false,false,FUNCIONAL
Ciudad_1174_optima,0.3821,0.9975,0.9588,0.036,0.5903,0.8218,0.0218,-0.0641,0.8802,87.37,11,false,false,OPTIMO
Ciudad_0375_saturada_o_inestable,0.5854,0.7676,0.7171,0.6609,5.3718,0.4572,-0.1361,0.1821,0.492,56.06,7,false,true,INESTABLE
Ciudad_1171_optima,0.2164,1.402,1.2102,0.126,0.9295,0.8004,0.0356,-0.0259,0.9531,89.79,8,false,false,OPTIMO
Ciudad_0801_funcional_estable,0.5344,0.8868,0.9265,0.3992,1.755,0.5628,-0.0482,0.06,0.6233,70.28,4,false,false,FUNCIONAL
Ciudad_0145_colapso_o_critica,0.9371,0.2282,0.7508,0.9891,9.2103,0.2311,-0.0812,0.3152,0.3179,26.76,8,false,true,CRITICO
Ciudad_0311_saturada_o_inestable,0.8126,0.8814,0.706,0.6129,2.7445,0.4921,-0.1052,0.135,0.5226,55.55,4,false,true,INESTABLE
Ciudad_0903_optima,0.4668,1.0167,1.0979,0.2352,1.8811,0.8246,0.0124,0.012,0.895,83.63,7,false,false,OPTIMO
Ciudad_1193_optima,0.1495,1.3959,0.9448,0.2903,1.883,0.9662,-0.0043,-0.0657,0.8966,90.88,6,false,false,OPTIMO
